序号,评论内容
1,这个游戏我第一次在上小学的时候在抖音上刷到的，当时里面的风景彻底震撼到了小小的老子，后来我就想着长大了有了自己的电脑一定要爽玩，之后23年姐姐嫁给了姐夫，我的姐夫也是一名游戏爱好者 家里有一台PS5，我拿起手柄第一件事就是打开了这一款游戏，这是我接触的第一款大型单机游戏，它没有让我失望。之后暑假结束，我不得不回到小县城里的衡水式教育的高中。但是每当我在题海中快绝望的时候 我就想 高考结束后就可以和这个游戏重聚了。或许是我一厢情愿，但是这款游戏确实是我对未来大学生活的希冀。之后25年高考结束，分数556不算高，但是也足够让我考上一所不错的公办本科。家里给我买了一台电脑，我在那年的夏促购入了这款游戏，半个暑假的时间都在这里度过，我也算完成了小时候和自己的约定。虽然它很肝，但是它依旧是我小时候的白月光。我写了这么多也是想说 小翟你的愿望达成了，18年期待的信仰之跃终于在25年起跳。
2,这库里面躺了个老游戏，还是疫情前就入手的。 当年一腔热血上头买下来，公司那破网速，挂着下载整整三天三夜，熬得人满心期待。结果好家伙，老电脑实在拉胯，进都没法痛快进，草草玩了几个小时就只能搁库里吃灰。这一搁，就是好些年。 如今换了新机子，又赶上诺兰的《奥德赛》上映，才想着把这压箱底的老货翻出来。也不追求什么爆肝通关、卷操作，就想好好逛逛游戏里的希腊大地，看看山海风物，粗浅感受下那段古老的历史，也算不辜负当年掏钱的那份初心。 设备终于不再拖后腿了，可点开启动键那一刻，心里就冒出来那句，欲买桂花同载酒，终不似，少年游。 硬件到位了，游戏还是那个游戏，可当年蹲在电脑前，满心焦灼等着下载完成，对冒险充满滚烫憧憬的那股少年心气，早就不在了。 算是一场迟到了许多年的赴约。不再有年少时的狂热上头，就安安静静走走看看，把当年没能见到的风景，一点一点补回来。也算给过去的自己，一个交代。
3,"Le saqué el 100% y puedo dar mi reseña en su totalidad.  ✔️Un jugador ❌Cooperativo. ❌Cooperativo Local. ❌Multijugador.   === Gráficos === ❌Muy malos. ❌Malos. ❌Normales. ❌Correctos. ❌Buenos. ✔️Muy buenos. ❌Excelentes.  === Precio/calidad === ❌Cómpralo No seas rata. ❌Espera a conseguirlo en un bundle. ✔️Espera a que baje de precio. ❌Acorde a lo que ofrece. ❌Pide reembolso si puedes. ❌No lo compres. ❌Its, free.  (Yo lo compre, cuando estaba de oferta y con todo e incluyendo el Assassin Creed III Remasterizado que venia también en el PACK)  === Requisitos === ❌Pc´s antiguos. ❌Pc´s Medio. ✔️Pc´s Gaming. ❌Mucha potencia. ❌Ordenador de la NASA.  (Está entre Pc´s Gaming, el juego está bien pero mientras mejor PC algo mejor funcionará)  === Dificultad === ❌Muy fácil. ❌Fácil. ✔️Fácil de aprender/difícil de dominar. ❌Dificultad media. ❌Difícil. ❌Muy difícil. ❌Extremo.  (Puedes configurar, su dificultad al principio y durante el juego)  === Horas de Juego === ❌Muy corto (menos de 2 horas). ❌Corto (2 - 8 horas). ❌Tiempo de juego medio (de 8 a 12 horas historia normal). ❌Largo (más de 12 horas). ❌Muy Largo (de 20 horas en adelante). ✔️Extra Largo (de 50 horas en adelante). ❌Lo que le quieras dedicar.  (Si quieres sacarle el 100% te llevará entre 100 horas en adelante, si quieres jugar todo lo que te ofrece sin necesidad de sacar todos los logros te llevará hasta 50 horas en adelante y tengo el 100 % junto a los DLC´s)   === Historia === ❌No tiene. ❌Pasa desapercibida. ❌Del montón. ❌Buena. ❌Fantástica. ✔️Obra de arte.  (A mi la época griega es que me encanta y los personajes históricos también)  === Misiones Secundarias === ❌No tiene. ❌Coleccionables solamente. ❌Estan ahi para molestar al jugador. ✔️De recadero y alguna interesante. ✔️Muy bien escritas y distintas entre si.  (Tiene un poco de todo, aunque vale la pena hacerlas para entender la historia. También tiene misiones creadas por otros jugadores, que puedes jugar.)  === Banda Sonora === ❌Deficiente. ❌Aceptable. ❌Regular. ❌Buena. ❌Muy Buena. ✔️Excelente.  === Paisajes/Panorama === ❌Malos. ❌Deficientes. ❌Mediocres. ❌Buenos. ❌Notables. ❌Muy Buenos. ✔️Excelentes.  (Los paisajes te dan ganas de seguir jugando, de las mejores ambientaciones que existen para mi)  === Personajes === ❌No hay como tal. ❌Carecen de importancia. ❌Normales. ✔️Memorables. ✔️De lo mejor que existe.  === Bugs === ❌El juego en si es un bug. ❌Los bugs empañan la experiencia. ❌Muchos bugs. ❌Algunos bugs. ❌Puedes utilizar los bugs para pasarte el nivel. ✔️Apenas tiene y no empañan la experiencia. ❌No tiene.  (Tuve algunos bugs pero no empañaron la jugabilidad solo fueron algunos visuales nomas)  === Jugabilidad === ❌Injugable. ❌Pasable. ❌Buena. ✔️Excelente. ❌Única.   === Recomendacion Final === ❌No te lo recomiendo por nada del mundo. ❌Poco recomendable. ❌Solo recomendable si te gusta la propuesta. ❌Recomendable. ✔️Muy recomendable si te gusta la propuesta. ✔️Recomendadisimo. ❌Lo mejor que he probado en mi vida.  (Lo único malo, es el rollo conversacional. Pero le daría, la oportunidad)"
4,"​Assassin's Creed? No.  Ancient Greek Demigod Simulator? Yes.  ​I bought this game to be a stealthy assassin in the shadows.  50 hours later: I am wearing flaming armor, wielding a poison trident, and I just Sparta-kicked a mercenary off a cliff while riding a unicorn.  ​The Odyssey Experience: ​Stealth: Optional. Why stab quietly when you can set the entire fort on fire? ​History: Accurate, until you fight a Minotaur. ​Dialogue: 50% Philosophy, 50% ""Malaka."" ​Romance: You can flirt with everyone. Men, women, elderly people, probably the horse if the devs had more time. ​Fall Damage: Doesn't exist. You can jump from Mount Olympus and land on your feet like a superhero.  ​The Gameplay Loop: ​See a question mark (?) on the map. ​Go to the question mark. ​Kill the Captain. Loot the Chest. ​Realize there are 4,000 more question marks. ​Cry. ​Keep playing.   worst ""Assassin"" game, best ""Wonder Woman/Hercules"" simulator ever made. ​10/10 - Would hear ""Malaka"" for the 10,000th time again ."
5,"I came for the assassins. Stayed for the world.  Odyssey is one of those games where you tell yourself “just one quest”… well and suddenly it’s 3 a.m.  Beautiful open world, solid combat, and an absurd amount of content. Not perfect, but dangerously immersive.  Worth playing if you like exploration and getting lost on purpose."
6,"Fui o poderoso Rei Leônidas na famosa batalha dos 300, participei da Guerra do Peloponeso, lutei por Atenas, lutei por Esparta, conheci Sócrates, visitei a cidade de Atlântida, conheci Hércules, participei dos primeiros jogos olímpicos, conheci Péricles (de Atenas, não do Exaltassamba kkkkk), visitei a Acrópole, o Partenon, a estátua de Zeus, peguei o tridente de Poseidon, matei o leão macedônico, visitei o submundo, derrotei Hades. E o mais importante de tudo, platinei essa bagaça com suas 2 DLCs. Jogabilidade e estilo muito semelhantes ao Origins, gráficos muito bons."
7,"Should've been a standalone game without the assassin creed name couldve started its own franchise honestly, loved this game, needed more skills in combat"
8,"Go easy or normal difficulty, disable the entire HUD, ignore every quest except the main story and do tourism around the ancient greece until you are satisfied, that should be your goal in this game and the best experience you will get.  Dont fall in the trap of doing every quest, explore every corner, reach every level and kill every enemy, the gameloop is not complex enough to engage all the hours a map this big requires."
9,"[h1]A Beautiful World Stretched Too Thin[/h1]  I finished Assassin's Creed Odyssey after ~120 hours, including the 3 main Odyssey storylines and the Korfu epilogue. My experience is positive, but only mildly so.  This is a very good-looking, pleasant game with enormous production values, a likeable protagonist, and a wonderful setting. But there's not enough gameplay depth or variety to sustain its own size.  [h1]120 Hours of ""Samey Samey""[/h1]  The main problem is repetition.  Odyssey has many systems : stealth, combat, mercenaries, conquest battles, naval combat, equipment, skills, cultists, bounties, forts, dialogue choices, regional leaders, etc. But most of these systems coexist rather than meaningfully interact.  Taking a fort can be great fun. Sneaking around, eliminating guards 1 by 1 and planning your route is satisfying. There are even nice little touches, such as breaking weapon racks so sleeping soldiers cannot arm themselves properly when alerted.  But these interactions rarely go much further.  After dozens of hours, you are still clearing forts, killing captains, burning supplies, opening chests and assassinating targets in almost exactly the same way.  The game is enormous, but its gameplay vocabulary is too small.  The environments suffer from the same problem. Greece is gorgeous, but most regions are functionally very similar. You basically get sea, cities, plains and mountains. There are no major environmental changes that force you to rethink how you move or fight.  [h1]RPG-lite without real Progression[/h1]  The RPG-lite progression is one of the weakest parts.  I played on difficulty 3 out of 4. At level 50, 2 bears could still destroy me in seconds. At level 65, sharks could still kill me in 2 hits.  Because enemies scale with you, gaining levels often changes little. Worse, your equipment does not automatically level with you, so leveling can effectively make you weaker until you upgrade your gear again.  You gain abilities and some of them are useful, especially for handling groups of enemies, but many skill points do not translate into a strong sense of increased power.  A good RPG normally makes you feel increasingly powerful as you progress. Odyssey often feels like running on a treadmill : the numbers go up, but the world goes up with you.  [h1]Kassandra Carries the Game[/h1]  Kassandra is easily one of the strongest parts of Odyssey.  She is beautiful, charismatic, physically convincing as a mercenary, strong without feeling absurdly stylized, and can be funny, warm, brutal or compassionate depending on how you play her.  Melissanthi Mahut did an excellent job incarnating her.  After 120 hours, I was far more attached to Kassandra than to the actual story.  [spoiler]I also watched scenes with Kassandra as Deimos, and she works much better there than Alexios does. With the same dialogue, she comes across as dangerous and unstable, while Alexios often feels strangely slow, primitive and overly theatrical.[/spoiler]  Even as the player character, Alexios speaks oddly enough that I would strongly recommend choosing Kassandra if you are going to spend 100+ hours with one of them.  [h1]A Weak Main Story[/h1]  The family storyline is not particularly interesting, and the pacing is far too slow. The few emotional beats are spread thin over gameplay so the tension disappears between major scenes.  The supposedly best family ending is also somewhat misleading in the wider canon, because Kassandra does not simply settle down and live happily ever after with everyone.  The Korfu quest, ""A Great Escape"", finally gives the game a proper goodbye : it felt much more like the ending Kassandra deserved.  [h1]The Cult: Great Idea, Too Much Busywork[/h1]  The Cult of Kosmos looks like an investigation system, but in practice there is very little actual investigation.  Most of the loop is simply : - find clue ( = open the correct chest or whatnot) - reveal target ( = click the ""reveal"" button) - travel there - kill target  And there are far too many cultists.  The whole system would have been much stronger with perhaps half as many targets, but each one requiring more actual deduction, infiltration or unique gameplay.  [h1]Mercenaries: Mostly Annoying[/h1]  The mercenary system produces a couple of fun situations when they attack us at 1st, but after, it's just a nuisance.  The designers apparently knew this, because you can pay off your bounty almost anytime for a small amount of money and make them go away.  [h1]Athens vs Sparta: Good Setup, Little Consequence[/h1]  Weakening regions is actually one of the better-connected systems in the game.  Killing soldiers, burning supplies and stealing the treasury weakens the region and allows you to attack the leader more easily. This gives those activities a purpose and makes them feel connected.  Unfortunately, the wider war itself barely matters.  Regions change hands, but there are no meaningful long-term consequences. You are supposedly operating in the middle of the Peloponnesian War, but the world largely resets around you.  [h1]Dialogue Choices Are Fine[/h1]  The dialogue choices are less consequential than in deeper RPGs, but here this is not a problem. You can play Kassandra as kind, greedy, bloodthirsty, sarcastic or pragmatic, and a few major choices have real consequences. Given the enormous amount of voiced dialogue, I think this part works reasonably well.  [h1]Ancient Greece Is Wonderful[/h1]  Despite all my criticism, exploring Ancient Greece is truly special. The world is beautiful, and encountering historical figures is often great fun. Socrates in particular is excellent.  The setting adds a lot of value that the raw gameplay alone would not have.  Many secondary quests are also surprisingly good and sometimes better written than the main story, even if they are naturally much shorter.  [h1]Avoid the Tertiary Quests[/h1]  I strongly recommend ignoring the endlessly generated timed quests, especially those with real-world 24h timers. This awkward MMO design adds almost nothing except more repetition.  Some quests rewarding Orichalcum are worth doing, and many proper secondary quests are really enjoyable, but the tertiary filler should mostly be avoided.  [h1]The Chicken[/h1]  After 120 hours, my 1st lasting memory will probably be how beautiful Ancient Greece looked. My 2nd may genuinely be the moment a chicken attacked me ; it was very funny. But it is perhaps not ideal when one of the most memorable gameplay moments in a gigantic AAA production is being assaulted by poultry.  [h1]Final Verdict[/h1]  Odyssey is not a bad game. Quite the opposite.  Its graphics are excellent, the core gameplay is enjoyable, Kassandra is a fantastic protagonist, and exploring Ancient Greece can be wonderful. But it feels like an excellent 40~60h game stretched into a 120h one. There are enormous resources on display here, but not enough overall gameplay vision to turn them into something truly exceptional and unforgettable.  The game is mature in presentation, with plenty of violence and sexual references, but it rarely has the systemic depth I would expect from a truly mature game design. Too few mechanics meaningfully interact, too little emergent gameplay develops, and too much of the experience remains superficial.  I enjoyed my time with Odyssey overall, but I wish I had spent 60 intense hours with it rather than 120 mildly enjoyable ones.  [h1]Pros[/h1] - Beautiful recreation of Ancient Greece - Kassandra is an excellent protagonist - Fort infiltration is consistently enjoyable - Pleasant combat - Good historical cameos, especially Socrates - Huge amount of content  [h1]Cons[/h1] - Very repetitive over its full length - Most systems barely interact - Level scaling makes leveling feel mostly pointless - Main story is slow and not very interesting - Mercenaries are more irritating than exciting - Timed tertiary quests feel like unwanted MMO design"
10,"Я уже взрослая бабень с работой и заботами, по этому 160+ часов в одиночную игру влить для меня это что то странное. До этого меня цепляли так только Oblivion, Morrowind, Skyrim, Mass Effect (ну это моя любимая на всю жизнь), и пожалуй всё. Я всегда фанатела и проходила первые части (любимая Brotherhood), Black Flag для меня была последней частью. Я пыталась начинать остальные, но всегда бросала после 5 часов каких. Очень хотела поиграть в Origins, так как с детсва фанатела всем, что связанно с Древним Египтом, но опять таки что то не зацепило. И тут я решила попробовать Одиссею. Да, душно. Легендарные животные, босс файты, сто пятьсот замков, быстрые квесты принеси убей бла бла, ДЛС на 60+ часов, НО!  Атмосфера, куча незабываемых квестов, ГГ (Кассандра, потому что это канон, советую за неё играть но дело вкуса), исторические люди (только беднягу Брасидаса недоделали), история, способности полубога, мифология.... Как же меня это всё зацепило. Непередаваемые ощущения. После прохождения отправилась в Грецию на 10 дней чтобы увидеть своими глазами, и скажу что атмосферу они передали однозначто на 100 процентов.  Для меня это пожалуй лучшая из open rpg игр от юбиков."
11,全成就后，我眼中的《刺客信条奥德赛》：壮丽与遗憾并存的古希腊史诗   当Steam库中《刺客信条奥德赛》的成就列表全部点亮时，我看着上百小时的游戏时长，心中满是复杂的情绪。这款育碧2018年推出的开放世界大作，就像它所描绘的古希腊文明一样，既有令人惊叹的辉煌，也藏着难以忽视的瑕疵。它让我沉浸于爱琴海的波光粼粼，也让我在重复的任务中感到疲惫；它用宏大的世界给我带来探索的狂喜，也用机械的流程消磨着我的热情。如今回味这段旅程，那些壮丽的风景、有趣的支线与枯燥的重复交织在一起，构成了一段真实而完整的游戏体验。   游戏最直观的亮点无疑是令人沉醉的风景和庞大到惊人的体量。育碧用顶尖的画面技术，将公元前五世纪的古希腊完整地呈现在玩家眼前：清晨的爱琴海泛着透着凉意的浅蓝，傍晚的海面又被夕阳染成暖金色；帕特农神庙的大理石柱上，工匠打磨的细纹清晰可见，市集里陶匠正在给陶罐描红纹，农妇切橄榄的菜刀泛着寒光。无论是站在帕尔纳索斯山顶俯瞰绵延的山谷，还是漫步在雅典卫城感受历史的厚重，每一处场景都美得足以让人驻足。这种视觉享受并非空洞的堆砌，而是融入了真实的历史细节，让玩家仿佛真的穿越回了那个文明璀璨的时代。而游戏的体量更是堪称“开放世界天花板”，从伯罗奔尼撒半岛到克里特岛，从马其顿的山地到爱琴海的诸多岛屿，广阔的地图上布满了城镇、要塞、遗迹和隐藏的秘境。单是主线剧情就需要数十小时才能通关，再加上海量的支线任务、征服战、海战和收集要素，足以让玩家投入上百小时仍有未探索的内容，这种“内容富足感”在同类游戏中实属罕见。   DLC“亚特兰蒂斯之命运”则将游戏的视觉表现力推向了顶峰，其中极乐世界和亚特兰蒂斯的设计堪称惊艳。极乐世界如同一个梦幻的仙境，漫山遍野的花海与高耸入云的城邦相映成趣，赫尔墨斯之翼装置让登山变得轻松惬意，金色的阳光洒在白色的建筑上，连空气都仿佛带着圣洁的气息。这里的每一处场景都充满了神话色彩，滚动的云海、漂浮的岛屿和发光的植物，让人瞬间理解了古希腊人对“死后乐土”的想象。而亚特兰蒂斯则是另一番光景，作为“第一文明”的遗迹，这里融合了科技与神话的元素：巨大的水晶建筑散发着幽蓝的光芒，悬浮的平台与流动的能量束构成了超现实的景观，伊述人的雕像矗立在广场上，仿佛在诉说着古老的秘密。探索这两个区域时，我常常会忘记任务目标，只是单纯地欣赏沿途的风景，这种视觉上的享受足以抵消部分玩法上的不足。与之形成鲜明对比的是冥界，这个区域的设计虽然贴合主题，却实在过于阴暗压抑。整个世界以暗色为基调，斯提克斯河畔徘徊着茫然的亡魂，塔尔塔罗斯的深渊透着刺骨的寒意，黑帝斯的宫殿在远方散发着阴森的气息。长时间在冥界探索，连心情都会变得沉重，虽然这种压抑感完美还原了古希腊人对冥界的想象，也能让玩家感受到剧情的沉重，但从游玩体验来说，确实缺乏愉悦感，更适合短时间集中体验而非长时间沉浸。   剧情方面，我的评价是“还行”——不算惊艳，但足以支撑起庞大的世界。主线围绕主角寻找家人、揭露神教阴谋的核心展开，穿插着斯巴达与雅典的伯罗奔尼撒战争背景，整体脉络清晰，情感冲突也较为到位。尤其是主角与家人之间的恩怨纠葛，从最初的误解到最终的和解（或对立），虽然部分情节略显俗套，但仍能让人产生代入感。不过神教反派的塑造略显单薄，大部分成员身份平平，缺乏足够的背景故事与动机刻画，作为终极反派的压迫感不足，削弱了揭露真相时的震撼力。好在配角塑造十分出彩，苏格拉底的哲思、布拉西达斯的英勇、希波克拉底的执着，都让这个世界变得更加鲜活。而部分支线任务更是惊喜不断，比如帮助“医学之父”希波克拉底救治病人、挑战传统观念的支线，不仅充满了历史厚重感，还涉及到医学伦理的思考；还有马可斯的葡萄酒庄园支线，用幽默荒诞的剧情讲述了一段啼笑皆非的故事，让严肃的古希腊之旅多了几分轻松趣味。这些优质支线就像珍珠一样，点缀在庞大的游戏世界中，成为支撑我继续前行的重要动力。   然而，《奥德赛》的短板也同样明显，越玩越枯燥的重复感是这款游戏最大的硬伤。游戏的任务设计陷入了育碧标志性的“罐头模式”，无论是主线还是支线，大量任务都离不开“去某地杀某人”“收集特定物品”“清理据点”的套路。清问号的过程更是令人崩溃，地图上密密麻麻的问号看似充满诱惑，但背后的内容高度重复，不是守卫森严的营地，就是藏着宝箱的洞穴，或是需要击杀的精英敌人。初期探索时还能感受到发现宝藏的喜悦，但当游戏时间超过一百小时后，面对遍布地图的问号只会感到麻木。更令人无奈的是无聊的解密和探索，游戏中的谜题设计缺乏新意，斯芬克斯的谜语虽然有文化底蕴，但本质上只是简单的问答；神庙中的解密大多是“推箱子”“找幻影墙壁”之类的老套路，稍动脑筋就能破解，却要花费大量时间在跑路上。这种缺乏深度的解密，不仅没有带来成就感，反而打断了游戏的节奏，成为一种负担。   游戏中的一些机制设计也让人感到不便，比如马的自动寻路功能实在不尽如人意。作为开放世界游戏的常用交通工具，《奥德赛》的马在操控性上中规中矩，但自动寻路功能堪称“灾难”——明明有直线捷径可以走，马匹却非要绕远路沿着大路前行，遇到障碍物还会频繁卡住，往往手动跑图十分钟就能到达的目的地，用自动寻路可能需要二十分钟。久而久之，我宁愿放弃骑马，选择用伊卡洛斯标记后自行跑酷前进，毕竟游戏的跑酷系统虽然偶尔会出现“挂在楼梯扶手上”的bug，但整体效率远高于自动寻路的马匹。   关于船只升级的争议，我有自己的亲身体会。很多玩家认为“阿德瑞斯提亚号”升级到传奇状态需要开修改器，毕竟升级所需的资源数量确实惊人，仅古代石板就需要几十上百个，还有海量的木材、金属和德拉克马。但我在正常游玩过程中，没有使用任何修改器，仅通过完成海战任务、清理海上据点、探索沉船遗迹和拆解多余装备，就慢慢积累够了升级所需的全部资源。其实船只升级的关键在于“循序渐进”，游戏前期不用急于追求满级，随着主线推进解锁更多海域，通过日常海战和探索自然能积累足够的资源。那些觉得需要修改器的玩家，可能是急于求成，没有静下心来体验海战和探索的乐趣，忽略了游戏中资源获取的多种途径。当最终驾驶着传奇状态的阿德瑞斯提亚号在爱琴海驰骋，撞碎敌方战船的那一刻，那种成就感是修改器无法带来的。   回顾这段全成就之旅，《刺客信条奥德赛》给我的感受是矛盾的：它有令人沉醉的风景、庞大的世界和精彩的部分支线，让我愿意投入时间去探索；但它也有重复的任务、无聊的解密和不够完善的机制，让我无数次想要放弃。它就像一场漫长的旅行，有惊艳的风景，也有枯燥的路途。对于喜欢开放世界、热爱古希腊历史的玩家来说，它无疑是一款值得体验的佳作——你可以在其中感受历史的厚重，欣赏绝美的风景，体验探索的乐趣；但如果你厌恶重复劳动，追求紧凑的剧情节奏，那么这款游戏可能会让你感到失望。   如今，当我再看到游戏中爱琴海的日出，依然会想起初次扬帆时的激动；想起希波克拉底的医学理想，依然会为那些有深度的支线点赞；但也会记得清问号到深夜的疲惫，以及重复任务带来的麻木。《刺客信条奥德赛》不是一款完美的游戏，但它用自己的方式，让我“活”了一次古希腊，这种独特的体验，足以让我忽略它的诸多瑕疵。或许开放世界游戏就是如此，在庞大的体量中，既有令人惊叹的辉煌，也有难以避免的遗憾，而正是这些不完美，才构成了一段真实而难忘的旅程。
12,我的第一部刺客信条，补票之后才发现我只是怀念那段玩游戏的时光，而不是游戏。。。一点都不好玩
13,"I don't know how I haven't written a review for this yet but this game is the first AC game I have played (as a girly I always thought these games we're too masc for me to ever play so I never touched them LOL, but I'm so glad I did).   I LOVE assassinating in this game, I would spend a good 30 mins just wiping out a whole fort stealthfully. The graphics are *stunning* and I love that you can choose playing two different characters for the storyline. I personally picked Kassandra (how could I not). The way her character is written is wonderful; her aggression, passion and determination made it so much fun to play as her.   I love travelling in AC, but Odyssey made it so much more fun with the aspect of sailing! The waters were scary at first but after getting used to them, I found myself using my ship a lot more often. It was next to impossible not to take a screenshot every time I was sailing the ocean.   The mythology and historic buildings around Greece were so interesting and definitely kept me craving more and more of it. They absolutely nailed the architecture of the ancient buildings, even just the surroundings of fauna. I also love the small details such as when you walk slowly through the flowers, they brush their hand through them! (I know that is common in majority of the games now I've played a few more but keep in mind this was my first AC game!!).   The story was riveting, shocking and at the very least entertaining. There's not one part that I didn't like.  Absolutely one of my top 10 games of all time ♡  If you are thinking of stepping into the AC franchise, I will 100% recommend Odyssey to be your first. I hope you love it as much as I do!"
14,"Sigh... the biggest problem this game has is that it spoils you for other games. At 253hrs this will be my third playthrough and I know that once I finish it the comedown is going to be horrendous again. Ubisoft hit the jackpot with whoever they had in their amazingly gifted Quebec dev team. I wish every game was as well put together as this one. The problem is that it spoils you so much. It's everything you want on a plate.  Beautifully written quests. A flying spotter eagle high in the sky whose eyes you can look through to see dangers ahead. Fantastic weapons and ability combos that can be complex but never overwhelming. A horse you can put on autpilot while you admire the scenery. Several huge, over-arching meta quests and an endless amount of brilliant sidequests. It looks so jaw droppingly good too, specially for a 6 year old game!   Water physics are splashy, wavey, foamy, trickly, lapping and showery. Draw distances are vast, detailed, and breath taking (I know you're not reading this anymore. I'm just writing this for myself lol). Also, the draw distance for smaller details like moving people is something I just haven't seen anywhere else. You can see people and animals miles away going about their business. The biomes are lush, deserted, hellish, snowy, barren, wooded, swampy and volcanic. It's so gorgeous I keep stopping to take pictures, even now!  I love this game so much but it does ruin me for other games. That's really it's only flaw for me lol.  Play it. It's amazing."
15,"This game is the reason why I went to Athens..... enough said, if a game makes you fly abroad, its got to be good"
16,Ubisoft Connect denilen şeyin gelmişini geçmişini sikiyim. Paramla aldığım oyunu siktiriboktan bi launcher yüzüne oynayamıyorum kafanızı sikiyim sizin.
17,The video game version of an unputdownable book or a delicious cake that you wish you'd never finished eating. Assassin's creed Odyssey is easily one of the best open world rpg games in recent times. It's repetition done right.  A flawed masterpiece.
18,游戏还行，就你家登陆系统毛病真多，跟隔壁EA坐一桌
19,"Assassin's Creed Odyssey is a breathtaking, expansive journey through ancient Greece. The world design is stunningly vibrant, filled with gorgeous landscapes and historic landmarks. Naval combat returns in spectacular fashion, making Aegean Sea exploration incredibly satisfying. The shift towards full RPG mechanics provides deep, rewarding customization for weapons and abilities. Hunting down the secretive Cult of Kosmos adds an addictive layer of mystery and progression. However, the aggressive level-gating forces repetitive side-quest grinding to advance the main story. Ground combat feels fluid and aggressive, leaning heavily into parries and flashy Spartan abilities. The sheer volume of well-crafted content ensures you get dozens of hours of engaging playtime. Ultimately, it is a phenomenal, immersive adventure that successfully expands the franchise's boundaries.  [b]RATING: 9/10[/b]"
20,영화 오디세이 보고 뽕차서 한 번 더 하는데 알고 하니까 원래도 인생작이었지만 훨씬 더 재밌네 맵 탐험하는 맛도 나고 개꿀잼
21,"小学时经常看一些游戏播主玩,但家里电脑配置低又没钱却玩不到,到了中学期有了自己的电脑配置不是很高但能玩,玩了153小时完成了全成就,算是给自己圆梦了"
22,155.5 个小时全成就。前 50 个小时停不下来，中间 50 个小时有点无聊，后面 55.5 个小时恶心想吐。而且我这还不是完美存档，我估计起码还得要 100 个小时才能把支线跟问号全清。作为对比，起源我完美存档才花了 105.5 个小时。  我真心相劝育碧好好搞懂一下游戏理论。你们的试玩人员玩到后面真能玩的下去吗？这种开放世界真好玩吗？做个任务时间全花在跑路上了，而且任务又多重复度又极高，那些问号也是几种重复刷，甚至主线剧情还有点烂尾。不知道英灵殿是不是还是这个鸟样，但我现在真不想再碰刺客信条了。
23,"Assassin’s Creed Odyssey is, without exaggeration, one of the most beautiful and immersive open-world games I have ever played. From the very first moment you step into ancient Greece, the game overwhelms you with its stunning visuals and breathtaking world design. The landscapes are so gorgeous that I genuinely have over 80 screenshots saved just of nature alone—sunsets over the Aegean Sea, dense forests, towering mountains, peaceful islands, and vibrant cities that feel alive. Every region feels handcrafted with love, and simply exploring the world is a reward in itself, as few games manage to make me stop playing just to admire the view, and Odyssey does that constantly. The world of ancient Greece is not just big but rich, detailed, and full of character, whether you are sailing across the sea, discovering hidden temples, climbing massive statues, or wandering through bustling cities like Athens and Sparta, because it never gets old. The atmosphere is incredible, the soundtrack perfectly complements the sense of adventure and freedom, and this is a world you don’t just play in, you live in. The story is also fantastic, emotional, and surprisingly personal, following the journey of Kassandra through meaningful choices, family drama, tragedy, and growth, and she is an excellent protagonist—charismatic, strong, witty, and deeply human. Her voice acting is outstanding, she carries the entire game effortlessly, and she feels like one of the best main characters in the entire Assassin’s Creed franchise, making her journey genuinely engaging and memorable. What I truly don’t understand is the hate this game gets, because Assassin’s Creed Odyssey is massively overhated, often criticized for not being a real Assassin’s Creed game, an argument that completely falls apart when you play the Legacy of the First Blade DLC, which clearly explains the origins of the Hidden Blade, the Assassins, and how everything connects. The lore is there, it is simply told in a different and more ambitious way, expanding the universe instead of limiting it, which deserves praise rather than criticism. In the end, Assassin’s Creed Odyssey is a bold, beautiful, and unforgettable experience that offers an incredible world, a powerful story, an amazing main character, and hundreds of hours of content without ever feeling empty, and for me, it is not just good but one of the best Assassin’s Creed games ever made."
24,"Суть шутки про то, что «греки придумали оргии, а римляне придумали позвать на них женщин», окончательно дошла до меня, пока я играл в Одиссею. Пожалуй, ещё ни в одной игре персонажи не проверяли мою гетеросексуальность с такой частотой и настойчивостью, как здесь. Скажу не без гордости — я выдержал. Но гадкое чувство, что ты отказал человеку и разбил его мужское гейское сердце, до сих пор не прошло.  10 отвергнутых геев из 10."
25,"A fantastic game that I thoroughly recommend, very enjoyable and likable protagonists  [b]HOWEVER..[/b] - The talking just drones on.. side quests, main story, random NPCs like ugh they just talk way to much for me to genuinely care - RPG element is just stupid but still got through it - NEVER clear every island before moving to the next cos damn I had to take a multi-month break before finishing the game"
26,"RPG or not, AC game or not, this is my favorite AC game, vast of land, vast of quests, much things to do, challenging and enjoyment while playing   10/10"
27,"I am already nostalgic for Assassin's Creed Odyssey. I played it in 2019, when I was 17 years old. The world of Odyssey is massive on a colossal scale! I have completed the entire game, including the DLC's, these are also really awesome, especially the Atlantis DLC.  The story is pretty good, but the gameplay is where it is at in Odyssey. There is a big range of different playstyles, with many different abilities that you can equip and upgrade as you progress in the game.  Odyssey is set in the world of Ancient Greece. Most of the buildings that you can see in this game are based on real historical buildings in Greece. The graphics and colours in Odyssey will blow you away. There is always something new to discover in the world of Odyssey.  Odyssey managed to perfecly weave together many aspects of Ancient Greece including, but not limited to: the mythology, the history, the philosophy and the conflicts,   What I like the most about Odyssey is how your choices really affect the world around you, even more so when compared to other RPG's. Some of the quests do tend to feel kind of stretched just for the sake to increase playtime, so that is one minus point. But looking at the big picture I would say that Odyssey is a masterpiece!"
28,"Конченный Ubisoft connect, который не даёт зайти в игру Хер с ним, игру я запущу через 3 часа танцев с бубном, отзыв так и будет висеть пока ваша контора не сгниёт в банкротстве"
29,"This is the 2nd entry in the ac mythology trilogy. Unlike the older games, it dials back the assassin fantasy by makin it just 1 of 3 playstyles alongside hunter and warrior. That means in plenty of situations, a stealth attack wont 1-shot an enemy, which really killed the vibe for me. True to Ubi form, its packed with endless forts and camps to clear, which gets bored fast. That said, the technical craftsmanship here is insane. Just ridin ur horse thru the world is a visual feast. The addition of active abilities spices up combat quite a bit, tho naval battles feel pretty janky . Story-wise, Alexios doesnt really come across as an assassin more like a straightforward mercenary. Overall, its a solid experience cuz of its groundbreaking tech, but it still cant dethrone Unity in my book."
30,오디세이 보고 간만에 생각나서 와봤지만 주인공은 활시위를 팅기지 못함
31,"This game comes on sale for 85% off all the time, please pick it up, and give it a go. You won't be disappointed I promise you. It's my favourite game."
32,"the simple requirement to lock games that i bought on steam, to another ubisoft account cost me hundrets of dollars. Just because Ubisoft as a company in its entirety, is a collective pile of ♥♥♥♥.  in 2019 i moved to another country and forgot to link my new phonenumber to the 2stepverification in ubisoft connect (i know thats on me), but even with every single proof of purchase ubisoft refuses to help me claim back my ubisoft account. it has been years of trying but after i found an AMA of an actual ubisoft-support worker on reddit, i found out that because i moved to another country, my requests are redflagged and there is literally no way that ubisoft support would help me anymore. Therefor whenever i go through my steamlibrary and feel like playing any of my assassins creed, farcry or rainbow six games, i get the ""this game is linked to another ubisoft account"" message and just cant. thats literally a few hundred dollars, probably close to 1k, i lost in games and cosmetics i bought, especially in my nearly 600 hours of rainbow six siege.   Even though it started with my own mistake of forgetting to get my 2-stepverification to be set up anew, it is still unbelievable to me that there is just 0 ways to resolve this with ubisoft. Therefore i will never give ubisoft a single cent again and despise the whole company. i still feel robbed and it has been nearly 8 years"
33,"tirando o fato que alguns homens tentavam abusar de mim, tudo certo o jogo é extenso e bem feito"
34,"Como helênica politeísta, acostumada a estudar, praticar e honrar a religião e a cultura grega, eu comecei o Odyssey com a expectativa de ver fragmentos da Hélade antiga, através do jogo tinha o intuito de vislumbrar resquícios e recriações do que um dia foi o centro do mundo. Mas o que encontrei foi muito mais do que isso, foi uma experiência que, em vários momentos, me fez sentir verdadeiramente de volta à Grécia clássica. O jogo representou os deuses, templos, e contos no que pode, e eu confesso que não estava esperando tanto por ser um jogo e ter total ciência de que muito seria alterado para se encaixar na proposta/sinopse do game, que por sinal é magnifica. A forma como alguns templos e santuários são representados, a atmosfera dos bosques, a reverência aos deuses, muitas vezes nos deparando com sátiras ligadas a eles — tudo isso não aparece como mero enfeite, mas como parte viva do mundo. Houve momentos em que simplesmente parei para contemplar um templo, ouvir um sacerdote, observar as oferendas ou admirar as estátuas. Para quem segue a religião helênica, como eu, isso é algo poderoso e a sensação é indescritível. A mistura entre religião, mitologia e realidade histórica é conduzida com maestria, está bem presente no jogo. A Ubisoft soube aproveitar da religiosidade da Grécia antiga e reconheceu seu peso, sua beleza e sua profundidade. Super indico para qualquer um que também correu atrás desse jogo a princípio como contato com a Grécia helênica.  Odyssey é, de longe, um dos jogos mais imersivo da franquia. A recriação da Grécia é tão viva que às vezes eu esquecia que estava jogando, parecia que eu estava viajando. As cidades respiram, as paisagens são majestosas, e navegar no mar é um espetáculo à parte, não se torna cansativo ir de uma cidade para a outra, além do show principal que é ouvi-los cantar desde hinos marinheiros até hinos tradicionais inspirados nos deuses, tornando cada viagem ainda mais especial. Cada região tem identidade própria, e cada detalhe, das casas às ruínas, das estátuas às vias principais, transmite respeito histórico e artístico. É um daqueles mundos que você não só joga, você vive imerso nele e na história.  A jogabilidade é fluida, o combate é dinâmico, furtividade deliciosa, exploração viciante, decisões com peso real. O sistema de escolhas faz você sentir que sua jornada importa (e importa viu, coloca a cachola pra raciocinar nas escolhas se não você vai terminar com todo mundo indo de arrasta para cima e saiba mais) — e a sensação de desbravar a Grécia como mercenário é libertadora.  A história é rica, cheia de reviravoltas e de personagens memoráveis dos quais inevitavelmente você vai se apegar! E quem você menos espera é aquele quem você deveria ter tomado mais cuidado e a proposta do Culto do Kosmo faz jus a isso. Você não sabe em quem confiar, todos são potencialmente traidores, você está em busca de reconstruir o que um dia foi tua família e você descobre que aqueles que pensava estarem mortos, na verdade não estão. É plot atrás de plot (Jogue sabendo que vai se emocionar, e MUITO!).  Assassin’s Creed Odyssey não é apenas um jogo! Para quem ama ou pratica a religião e a cultura grega, ele é uma experiência emocionante, e de quebra ainda vai te instigar a jogar outros jogos da franquia da Ubisoft porque esse jogo não deixa a desejar em nada, é um 10/10 completo.  Se você ama a Grécia antiga — de qualquer forma, seja histórica, cultural ou religiosa — este jogo é simplesmente indispensável. "
35,"hours and hours of gameplay, great game. stunning open world."
36,"Odyssey will forever be one of my favorite AC games. I have finished the main game twice non-steam and finally decided to get that platinum. While it may not be a traditional AC game and strays further from previous titles' gameplay, Ubisoft has tried something new with Odyssey and absolutely cooked.  While I enjoyed playing Origins, this game hits different. For me, Origins felt kinda empty at times (especially in the endgame) but I never had that feeling playing Odyssey. The game is huge, the world is beautiful and while there are many fantasy elements, the world stays true to Ancient Greece and it's culture.  The world of Odyssey is massive and I don't think people realize just how huge this game actually is. I'm talking about 120+ hours of gameplay for a platinum, easily 180+  if you want to collect literally everything. I'm 80 hours in and I'm still not done with the first DLC (I do collect everything though). A lot of these hours consist of repetitive quests but to be honest I don't really mind them that much - at the end of a day, I'm just happy I could stab some malakas.  Nevertheless, Odyssey has everything you'd want from a game situated in the middle of Peloponnesian War. Even though the story itself is in my opinion one of the weaker points of the game, it's still pretty solid. What I absolutely do love though is the scenery. You can turn on the photo mode literally anywhere on the map and I guarantee you it's going to look stunning - and no I'm not talking just about Kassandra.  [b]I have not played Valhalla or Shadows yet but I do know one thing for certain - this has been an odyssey I won't forget.[/b]"
37,"Se eu comprei o jogo pela STEAM, não tenho que lembrar a droga do UBISOFT CONECT, ninguém quer saber desse launcher sujo. Tirem já."
38,"As a long-time Assassin's Creed fan, I know this game's story leaves a lot to be desired. The gameplay experience is spectacular, though (after you narrow down the proper gameplay and graphics settings that suit your computer), and the right combination of gear and abilities make this game a proper demigod experience.  Make no mistake, though: this is a Greek demigod power fantasy RPG first, and an Assassin's Creed game second. Around the thirty hour mark, I stopped treating it as an Assassin's Creed game, and as an RPG that's only tangentially related to the Assassin's Creed universe.  Still, when I started playing this game, I wasn't sure I'd complete it achievement-wise. 300 hours later, I'm halfway through NG+! I would've laughed at the very notion of an NG+ Odyssey run before I bought the game.  Pros: 1) Fun gameplay with a ton of replay value. You can maximise the variety if you have multiple loadouts.  2) Melissanti Mahut's phenomenal voice acting as Kassandra makes you look over the mediocre writing.    3) Gorgeous graphics.  4) Naval combat is fun for me because it doesn't bother to be complicated. I love to sink ships by ramming into them :D   5) Choices whose impacts sometimes surprise me.  6) If you stick with this game for at least a year, you can potentially earn most or all of the premium skins and gear. (In an ideal world, skins and gear wouldn't be sold for real money, but that ship has sailed.)  Cons: 1) It's badly optimised for laptops. I should not have to tweak my registry to disable turbo boost, or install third party apps for undervolting, etc. Keeping temperatures under control should be easier by gameplay and driver settings alone.  2) Michael Antonakos's performance as Alexios doesn't hold a candle to Melissanti Mahut's Kassandra acting. Alexios is fun as a protagonist only if you opt for ruder or darker choices - which is what I'm doing in my NG+ run.  The overacting is a perfect fit for Deimos, though.   3) The story of Fate of Atlantis is hot garbage if you like your Isu lore to make sense. The gear, abilities and environments are really cool, though, and I had fun with those episodes when I pushed the story aside.   4) It's annoying if you're chased by too many mercenaries."
39,游戏不错，但后期地图开问号会有点无聊，地图重复的内容多，我不推荐你玩，因为作为一款上架steam的单机买断游戏，却仍然需要额外下载专门的Ubisoft Connect，重点是育碧没有能力做好这种全球性的平台，你可能会因为登录不上Ubisoft Connect导致你想玩的时候怎么样都进不了游戏，因为这个原因，我非常不推荐你玩。
40,"Was gonna refund the game untill, I saw Zeus with his whole bare hog, within my 1 hour of playtime. 10/10"
41,El juego esta muy bueno. Pero el lautcher de ubisoft connect es una poronga. Me suspende la cuenta cada 5 minutos. No puedo jugar un juego que compre con mi dinero. Si sabia lo jugaba pirata
42,"Assassin's Creed Odyssey: довга подорож до 100%, яку чомусь таки пройшов  Закрив Одіссею на всі сто відсотків. Довга подорож була, виснажлива. Чесно — сам не знаю, чому дотягнув до кінця. Може, через красиву Грецію?   Загалом, це однозначно краще за Origins. У всьому. Але своїх проблем теж вистачає.  Плюси: 1. Саундтрек і атмосфера — музика атмосферна 2. Візуал — графіка, дизайн світу, архітектура  все на висоті 3. Бойова система — покращилася, більше динаміки та можливостей 4. Окремі персонажі та квести — є цікаві історії, хоч і небагато 5. DLC з міфологією — битви з Мінотавром та Медузою, та візуал Аіда, Єлізія та Атлантиди.  Мінуси: 1. Кількість не значить якість — контенту море, толкового замало 2. Недописані побічні квести — багато ліній обірвані, відчуття недомовленості 3. Донат в одиночній грі — бустери досвіду за реальні гроші, знову 4. Забагато персонажів — з'являються епічно, але не запам'ятовуються 5. Сюжет нудний — основна історія недожата зовсім, хочеться пропускати  Цікаві факти: Над грою працювало 1000+ людей протягом 3 років. Спочатку хотіли робити про Рим, але вибрали Грецію через міфологію. Мелісса Понцо (голос Кассандри) імпровізувала багато реплік. Вона так харизматично зіграла, що Юбісофт визнав Кассандру канонічною героїнею, хоча в трейлерах просували Алексіоса. У грі понад 200 000 слів діалогів   Вердикт: 6.5/10  Краще за Origins, але все одно посередній проект. Ідеальна гра для утилізації часу: запустив, вимкнув мізки, включив подкаст, і можна годинами чистити карту.  Брати тільки на великій знижці, якщо хочеться погуляти стародавньою Грецією. Для всього іншого є кращі варіанти.  "
43,"Every new player should spend one or two hundred hours experiencing a formula games--from delicious to disgusting. It gives you a fresh perspective on a fundamental question: In a game, what truly matters--gameplay, or scale and graphics?  I still remember the awe I felt in the first hour of Odyssey, standing before the huge statue of Zeus. I was excitingly climb on his hand ,take a lot of photo. I can also remember the impressive scenery of the Athens and Atlantis. BUT, I equally remember the despair I felt 140 hours later, staring at the map littered with icons.   Back when I was younger and had limited access to games, the Assassin's Creed series existed in my mind as a collection of classic titles--stories hidden in the shadows of history, recreations of classic buildings, and pretty cool assassination skills. These tags fascinated me so much that I once planned to play through the entire franchise. So I started with Odyssey. While after 140 hours later, I gave up that plan permanently.  Even now, my impression of Assassin's Creed remains the same. I still can't deny that it's a classic series. But the act of opening this games has become exhausting. After you've been fully familiar with the system, the repetitive quests and almost same enemy camps start to feel sickening. And this fatigue isn't just about Odyssey--it extends to the entire genre of ""open-world formula games."" Later, I lasted three hours in Valhalla. I still have several older, supposedly ""classic"" entries in my library, untouched since the day I added them. I've never had the courage to start them.  Also, this exhaustion to open world formula games seems irreversible. It's been two years since the experience I just described, and I still can't bring myself to touch another one.  But anyway,  the first experience in 100 hours is exciting, ONLY IF you have never played a formula game like this.  每个新玩家都应该花上一两百个小时去体验一款罐头从仙品到恶心的过程，这会让人对一个问题有新的理解：游戏中到底是玩法重要还是体量或者画面更重要？ 我至今仍忘不了打开奥德赛第一个小时见到雄伟的宙斯雕像的震撼，和第140个小时在dlc里继续看着满地图问号的绝望。 早在我还没有太多条件接触游戏的年纪，对刺客信条系列的印象是经典之作，历史阴影里隐藏的故事，经典场景的复现，很帅的刺杀玩法，这些标签很迷人，以至于我曾经打算把整个系列全部体验一遍。于是我首次尝试了奥德赛，并在经历了140个小时后成功打消了这个念头。 尽管我对刺客信条的印象依然是那些，尽管我依然无法否认这是一部经典之作。但打开游戏这件事本身变得让人疲惫，过于重复的任务和据点在被充分熟悉之后开始让人恶心。这种疲惫感不仅仅针对奥德赛这一个游戏，而是针对罐头游戏这个类别——后来我在英灵殿坚持了3个小时，我的库里还有几款据说是更经典的前作，可我从入库开始从来没有勇气打开它们。 这种对罐头的疲倦似乎是不可逆的，因为写下这段评价离上述故事已经过去两年了，我依然无法再接受任何开放世界罐头。 但无论如何，这个游戏的前100个小时是好玩的，如果你从未接触过任何罐头游戏。"
44,"[h3] Assassin's Creed Odyssey [/h3] isn't the typical assassin-style game, it's more like Ancient Greek DemiGod, with plenty RPG elements, but still a good game.  [h3] The Good: [/h3] [list]     [*]World design - beautiful Ancient Greek     [*]Huge amount of content     [*]Plenty of items and sets that offer opportunity to build the character the way you want     [*]The DLC's bosses and upgrades are better than the main game [/list] [h3] The Bad: [/h3] [list]     [*]Very repetitive over its full length     [*]Upgrading costs (ship/items) too high     [*]The Bounty system - Mercenaries can get annoying because they appear too often     [*]Level request for main quests - will force you to grind up to level 40-50  [/list] There's much to do, and many unknowns on the horizon! Malaka !!!   8/10"
45,"This game has to be the most overhated game in the history of AC games. Although it might not feel like an AC game to everyone, it's still worth picking up whenever it's on sale. As I said previously, it's not the best AC game, but it is an awesome RPG. It has an absolutely giant, marvelous map. There are tons of customizable weapons, armor, abilities and playstyles. It also has multi-choice dialogues, which is a thing a lot of modern games lack. I personally loved both the main story and the DLCs. One thing that is bad is that some parts of the story are absolutely bloated; you go to one person who redirects you to three more, and they have you do jobs for them. Aside from that, it is an absolutely phenomenal game!"
46,"Honestly, I picked it up at release and didn't have as much fun as I did playing it now  I'm from greek roots so I understand whatever the background npcs are saying, and the greek translations and accents are really good and faithful to what you would bump into in Greece, obv it's faaaar from a replica of the accent ancient greeks had but that would sound weird as hell  Of course there's some inaccuracies regarding the Historical material that surrounds the game but in all due respect I don't think it should be the main concern when there's literal mythical creatures/figures in the game here and there And overall this is really well done  Majority of the bugs I experienced at release has been efficiently patched, no gamebreaking encounter whatsoever  The gameplay is fun and in all honesty as much as I like Origins I feel like Odyssey does it better regarding fedex quests and levelling  It just does not feel like an Assassins Creed but more so a game that would be set in the same universe if that makes sense, which is something that a lot of people seemed to dislike but to me it's always cool to learn about the lore even if the gameplay is different and oriented towards other aspects (rpg here rather than stealth etc)   Anyway that was my two cents"
47,"Assassin’s Creed Odyssey aslında güzel ama bir yandan da yorucu bir oyun. Antik Yunan atmosferi gerçekten büyüleyici. Oyunun dünyasına girince çıkmak istemiyorsun. Savaş sistemi de akıcı ve eğlenceli. Ama işin diğer tarafı da var. Harita o kadar büyük ki bazen gezeyim derken bile yoruluyorsun. Hikâye güzel ama o kadar çok yan şey var ki, asıl hikâyenin temposu biraz kayboluyor ve keyif yerine yük gibi hissettiriyor. Odyssey güzel bir dünya sunuyor, içine alıyor, antik yunan ortamını hissettiriyor oynanır yani ama genel yapısında Assassin’s Creed ruhu çok geri kalmış. AC havasını arayan biriysen “bu başka bir oyun olmuş” dersin. Özetle Ubisoft’un “her yerde ikonlar, yapılacak tonla şey” durumunu çok umursamazsanız dünyasına kapılıp gidersiniz."
48,"I have tried to like this game because I loved the earlier Assassin's Creed games. However, I just can't enjoy the gameplay on it. The previous AC games needed a better combat system and Ubisoft has built that. The combat is better. But now that they've built it, they want to use it and have designed the game to be about combat rather than stealth and assassination. It's functionally just a role-playing game.   As part of this Ubisoft added levels, hit points, and damage amounts. There was a certain realism to the idea that if you surprise you surprise and stab them in the neck, it doesn't matter how tough they are. They're dead. Thus, your goal was to sneak around and set up situations where that happened. Now, if you sneak up on someone, stab them in the neck, and that person is a few levels above you, they'll survive and you have to fight them. The absurdity of that makes it hard to stay immersed. More importantly, it entirely ruins what was unique and fun about assassin's creed games.   I will say that what they did very well was they made an incredible and beautiful model of ancient Greece. I've put in over 30 hours on this game mostly because exploring that world is fun. I would recommend doing the unguided version because it makes the exploration truly immersive. But I have enjoyed it despite the way Ubisoft changed its design, not because of those changes, and I think I've about hit my limit of how much I can enjoy the exploration given the terrible gameplay."
49,"«Спартанец на стероидах или Ведьмак в Греции?» Вердикт: Рекомендую (с оговоркой: если вы готовы к 100+ часам гринда и масштабного приключения). Assassin's Creed Odyssey — это уже не та игра про скрытые клинки и прыжки веры. Это полноценная Action-RPG в огромном, залитом солнцем открытом мире. ✅ Что круто: Визуал и атмосфера. Древняя Греция здесь просто отвал башки. Лазурное море, статуи богов в полный рост, живые Афины и Спарта. Просто кататься на лошади или плавать на корабле — это уже эстетический кайф. Главные герои. Выбирайте Кассандру. У неё потрясающая озвучка и мимика, она чувствуется живым персонажем с характером. Морские сражения. Если скучали по Black Flag, то здесь бои на кораблях вернулись во всей красе: прокачка судна, набор команды из поверженных врагов и абордажи. Вариативность. Ваши решения в диалогах реально влияют на концовку (их тут 9!) и судьбы целых регионов. Можно быть как благородным героем, так и полным отморозком. ❌ Что может взбесить: Гринд. Система уровней жесткая: если враг выше тебя на 2–3 уровня, он превращается в «губку для урона». Придется пылесосить побочки, чтобы продвинуться по сюжету. Наемники. Стоит вам чуть-чуть нарушить закон, как за вами по всей карте начинают бегать бесконечные охотники за головами. Иногда они приходят в самый неподходящий момент, например, во время стелс-миссии. Это не Assassin's Creed. Сюжетно это приквел про истоки, ассасинов в привычном понимании тут почти нет. Если ждете капюшонов и заговоров — это не про эту часть. Итог: Это идеальная игра для тех, кто хочет «залипнуть» на месяц. Огромная, красивая, шумная и очень затягивающая. Берите по скидке (они в Steam бывают часто) и обязательно со всеми DLC — они того стоят."
50,"AC Odyssey Alexios - Kassandra 431 BC - 422 BC (Athena - Sparta)  Great Game ✅ Story ✅ Graphics ✅ Soundtrack ✅ Overall: 10/10 ✅  This game is amazing with its beautiful world. It's not just a game, it's a masterpiece.  I feel like I want to play it again and again. But what can I do, there are so many other games waiting to be completed.  Maybe someday, if possible, I'll play it again on New Game+"
51,"Jogo é bem divertido, todavia, se quiser fazer 100%, em algum momento enjoa, diferente por exemplo do the witcher 3."
52,适合上班族，因为剧情一般，不复杂，什么时候回来都能无脑刷刷刷，接上之前的剧情毫不费力
53,[h1] 8.0/10 [/h1]  [h1] MaLaKa for everyone [/h1]  [b] 全成就120小时左右 [/b]  [h2] Pros: [/h2]  [h3] 1.育碧依旧壮丽的画风与一定的历史沉浸 [/h3] 与上一部本体的茫茫沙漠的起源不一样，18年的本作视角转到风景优美的地中海区域。从开头的温泉关之战开始，本作主角设定在伯罗奔尼撒战争，可以选择帮助雅典或者斯巴达的阵营游玩，虽然由于下面说到的一些问题导致不如上部作品影响沉浸，但是继承前作，本作依然有引导模式介绍希腊文化与历史，而且还有神话巨兽挑战与dlc的三个神话地点（极乐世界、冥界、亚特兰蒂斯）与神话人物，对于喜欢希腊历史与希腊神话的玩家确实不可多得的游戏。  [h3] 2.大量的支线内容与多结局的选择 [/h3] 除了你可以选择男女主之外，一些不同的对话可以影响结局，而且抛开dlc地图来说，本作本体的地图巨大，开放世界内容对比前作多了近一倍。  [h3] 3.rpg框架全面扩容与回归系列经典海战玩法 [/h3] 相比与上一代育碧才开始的rpg化，本作算是一种全面强化，增加很多特效技能，结合装备养成与等级养成。而且在上一部只有在剧情中极少的海战，本作直接将海战系统引入，结合各个城邦岛屿，利好于喜欢海战的玩家。  [h2] Cons: [/h2]  [h3] 1.放飞自我的“罐头” 与场景的重复使用[/h3] 如果起源叫做有点肝，那么玩奥德赛就是疯狂肝。前作我只有在去做全成就的时候感觉到累，而奥德赛是我第一次感觉做后期主线就感受到很累很累，这还不包括很多非常相似的支线与据点古墓啥的，一致我到奥德赛全成就时，很多据点古墓甚至支线都没有打完。而且本作很多素材的复用很严重，当游戏推进到一定时期就会感受到审美疲劳，甚至到后面dlc中，情况也不会有多少改变。育碧想要用海量的内容去增加游戏时长，但是只是简单的复制粘贴，很容易导致在游戏中期就劝退很多玩家。  [h3] 2.白开水一样的主体剧情与疯狂相似的支线剧情[/h3] 经典的复仇剧情，前期还能津津有味，中后期疯狂注水就已经开始不断按空格粗略观看加跳过，我玩的是的女主卡珊德拉，dlc的袖剑剧情中间就很莫名其妙，反而结尾还好一点。而最最最让人诟病就是支线，很多支线基本非常相似，纯属于为了增加游戏时长而复制粘贴，玩一会就只想着放弃，选择性玩与成就相关的，而现代剧情更是一般，基本没有丝毫转折，纯纯是为了强行插入，破环主线与dlc剧情代入感。  [h3] 3.狂战士的加强与刺客流的削弱还有老生常谈的等级压制 [/h3] 鉴于本作相较于前作技能与技能树的加强扩容，玩家想要玩的技能很多也很花哨，但是对于一直想玩刺客流的玩家来说比如我，就是一场灾难，除了等级压制，等级过高的敌人没法一击必杀外，一些剧情场景甚至后面dlc的技能升级变化明显是靠着狂战士流来设计的，在本体还能基本一致靠着刺客流玩下去，到了dlc时期，很多场景反而狂战士流玩的更舒服，当然由于地图大，任务据点多，到后面基本也累的放弃潜入费脑，直接无脑冲反而更轻松。  [b] 总的来说，本作还是两级分化严重的一作，长板非常长，短板非常短，玩法战斗一流结合海量内容与神话史诗，但是超大的地图，满屏幕并且令人发指的问好与支线内容，以及我喜欢的潜行属性明显弱化，如果不叫刺客信条，我的评分可能还要更高一点。[/b]  [b] 瑕不掩瑜，是一部佳作，但是对于想要入坑神话三部曲的玩家来说，我更推荐前作起源。 [/b]  [h3] The Game for ：极致的罐头玩家，拥有大量时间不在意剧情，或者喜欢希腊历史文化与神话的玩家 [/h3]
54,"One of the best titles in the AC series, definitely worth spending some hours discovering and sailing...I just re-installed the game a few years later and heading for the season pass :)"
55,太尼玛恶心了，除了风景和历史考究一无是处，剧情又臭又长任务基本全是通马桶就算了最过分的是全地图都在通马桶，亚特兰蒂斯dlc更是又臭又长恶心的不像人类，你摆你妈的b箱子恶心死了。 巴尔纳巴斯 布拉西达斯 福柏 希罗多德真的是值得为之一死的朋友。
56,"simplemente me encanta, espere mucho pra tener una pc gamer y poder jugarlo con mis 33 años puedo decir que se que no es el mejor de la saga en llevar el legado pasado por el tema de lore, pero en su propia historia y la de grecia es simplemente espectacula, 10000/10"
57,"[h1]Мой Одиссей в Древней Греции [b](и почему именно он)[/b][/h1]  Привет всем! Меня зовут [b]Сергей[/b], и я, как вы уже поняли, небольшой фанат серии игр [b]Assassin's Creed[/b]. Причем фанат со стажем, еще с тех времен, когда Альтаир только начинал свои прыжки веры, а Эцио был молодым и беззаботным флорентийским гулякой. Я застал все этапы развития серии, от стелс-экшенов до полноценных RPG. И вот, спустя столько лет, я решил впервые попробовать себя в роли обзорщика. Почему именно Odyssey? Хороший вопрос. И, честно говоря, ответ на него не так прост, как кажется.  Возможно, это ностальгия по тем временам, когда игры были не просто развлечением, а целым миром, в который ты погружался с головой. Возможно, это желание разобраться, что же такого особенного в этой части, которая вызвала столько споров и разделила фанатов на два лагеря. А может быть, это просто потому, что я провел в ней столько времени, что она стала для меня чем-то большим, чем просто игра. В любом случае, я постараюсь максимально честно и детально рассказать о своем опыте, о всех тонкостях и нюансах, которые я заметил за сотни часов, проведенных в Древней Греции.  [hr][/hr]  [h2][b]Добро пожаловать в Элладу:[/b] Мир, который дышит[/h2]  Первое, что бросается в глаза в Odyssey, это, конечно же, масштаб. Карта огромна, и она не просто большая, она живая. Каждый регион имеет свою уникальную атмосферу, свои особенности, свои секреты. От залитых солнцем пляжей Кефалонии до заснеженных вершин Македонии, от шумных улиц Афин до мистических руин Дельф - мир Odyssey поражает своим разнообразием. И что самое главное, он не кажется пустым. Куда бы ты ни пошел, ты обязательно найдешь что-то интересное: лагерь бандитов, древний храм, затерянную пещеру, или просто живописный вид, от которого захватывает дух.  [hr][/hr]  [h2][b]RPG-элементы:[/b] Эволюция или Отступление?[/h2]  Вот тут мы подходим к самому спорному моменту. Odyssey - это полноценная RPG, со всеми вытекающими последствиями. Разветвленные диалоги, система прокачки, снаряжение, навыки - все это здесь. И для меня, как для фаната старых частей, это было одновременно и плюсом, и минусом.  Система прокачки сделана хорошо. Есть три ветки навыков: Охотник (лук), Воин (ближний бой) и Ассасин (скрытность). Ты можешь комбинировать их по своему усмотрению, создавая уникальный стиль игры. Я, например, предпочитал играть за скрытного убийцу, но при этом не брезговал и открытыми столкновениями, когда это было необходимо. Снаряжение тоже играет важную роль, позволяя еще больше кастомизировать своего персонажа.  [hr][/hr]  [h2][b]Боевая система:[/b] От ""танцев"" к ""рубилову""[/h2]  Боевая система в Odyssey сильно отличается от того, что мы видели в предыдущих частях. Она стала более динамичной, более агрессивной. Теперь это не столько ""танцы"" вокруг врага, сколько полноценное ""рубилово"" с уклонениями, парированиями и использованием различных навыков. Мне, честно говоря, это понравилось. Бои стали более зрелищными и напряженными.  [hr][/hr]  [h2][b]Сюжет и персонажи:[/b] Драма на фоне Пелопоннесской войны[/h2]  Сюжет Odyssey, на мой взгляд, является одним из самых сильных элементов игры. Он глубокий, эмоциональный и полон неожиданных поворотов. Мы играем за Мистия (или Мистию), потомка легендарного царя Леонида, который оказывается втянут в водоворот Пелопоннесской войны и семейных драм. Я выбрал Кассандру, и ни разу не пожалел - её харизма, сарказм и внутренняя сила просто завораживают. Диалоги с другими персонажами, будь то исторические личности вроде Сократа или вымышленные герои, наполнены живостью и смыслом. Игра умело балансирует между исторической достоверностью и художественным вымыслом, что делает путешествие по Древней Греции не только увлекательным, но и познавательным.  Особенно мне понравилось, как разработчики подошли к теме выбора и последствий. В Odyssey твои решения действительно влияют на ход событий, отношения с персонажами и даже на финал игры. Это добавляет глубины и заставляет задуматься, прежде чем нажать на кнопку. Иногда я специально возвращался к определённым моментам, чтобы посмотреть, как изменится история, если поступить иначе.  [hr][/hr]  [h2][b]Исследование и побочные активности:[/b] Когда хочется больше[/h2]  Одной из сильных сторон Odyssey является огромное количество побочных заданий и активностей. Они не кажутся пустой тратой времени, а зачастую раскрывают дополнительные грани мира и персонажей. Всё это делает мир живым и насыщенным.  Особенно запомнились задания с мифологическими элементами, которые добавляют игре особый колорит.  [hr][/hr]  [h2][b]Графика и звук:[/b] Погружение во времена Эллады[/h2]  Отдельно стоит отметить визуальную составляющую Odyssey. Графика здесь на высоте - пейзажи поражают своей красотой и детализацией. Свет, тени, вода, растительность - всё это создаёт ощущение настоящего путешествия во времени. Особенно впечатляют рассветы и закаты, когда солнце окрашивает небо в огненные оттенки, а море переливается золотом. Звуковое сопровождение тоже заслуживает похвалы: музыка отлично передаёт атмосферу эпохи, а звуки природы и битв делают мир живым и осязаемым.  [hr][/hr]  [h2][b]Техническая сторона:[/b] Где без шероховатостей не обошлось[/h2]  Конечно, игра не идеальна. За сотни часов я столкнулся с некоторыми багами и недочётами - от мелких графических глюков до проблем с квестами, которые иногда не запускались или не засчитывались. Иногда раздражала и система быстрого перемещения, которая могла подвести в самый неподходящий момент. Но, честно говоря, эти моменты не испортили общего впечатления. Ubisoft регулярно выпускала патчи, и многие проблемы были исправлены.  [hr][/hr]  [h2][b]Каков вывод:[/b][/h2]  Подводя итог, хочу сказать, что это не просто очередная часть серии. Это целое приключение, которое затягивает с головой и не отпускает до самого конца. Для меня, как для человека, который вырос на первых частях, Odyssey стала своего рода мостом между прошлым и будущим серии. Она сохранила дух исследования и погружения, который я так любил, но при этом добавила новые механики и глубину, которые делают её актуальной и интересной сегодня.  Я выбрал именно эту часть для своего первого обзора, потому что она, на мой взгляд, является одной из самых амбициозных и проработанных в серии. Она не боится экспериментировать, ломать шаблоны и предлагать игроку нечто новое. Да, она отошла от классических канонов ""ассасинов"", но сделала это не ради самого факта, а для того, чтобы создать более глубокий и многогранный игровой опыт."
58,"Such a beautiful game, loved it Beautifully massive map to explore so many things to do The combat is good it was fun especially the legendary animals. Killing the cults is fun and satisfying. The music is good suits very well The abilities are very good and fun. Personally I loved the skill where you can jump from any height and get no damage and the skill where you do a stealth kill the body disappears and some bow and arrow skills. Additionally you can enhance them in the fate of atlantis. The game is really great but by the time you complete 75% of the game it gets tedious af but you can get happy ending.  Then you start legacy dlc it was nice but just weird and unexpected af THEN COME THE FATE OF ATLANTIS ABSOLUTELY FKING GORGEOUS!  ALthough the story felt fukd up to me SPOILER ALERT You start your journey to find your family just to find your father is your step father and he adopted a son. You end up meeting your step brother, puppet of cult, convince him for the happy ending. you can have them on your ship. Then you end up finding your biological father who is an immortal noob. Then comes the legacy all of a sudden you are married and have a kid just to have your partner die. saw it coming miles away. this whole dlc felt creepy. The fate of atlantis is just amazing but you see messed up stuff"
59,"It is basically not an assassin's creed game and there are some repetitive ubislop elements but overall great action rpg, crazy amount of content, dialogue is fun and entertaining, game does a fantastic job of making you feel like a badass with visceral kill animations. Great immersion as a dirtbag greek mercenary who kills people for money. The landscapes are quite beautiful.  (Also there is a lot of gay sex, its ancient greece what did you expect) 10/10"
60,"Отличная игра про древнюю Грецию. Покупайте только обычную игру — DLC того не стоят, если вы не фанат серии. Ах да, не зачищайте, как я, дурак, всю карту и 1500 сундуков."
61,"Assassin’s Creed Odyssey no es solo un videojuego, es un viaje. Un viaje a una Grecia antigua viva, inmensa y desbordante de historia, donde perderse no es un error, sino parte de la experiencia. Cada isla, cada ciudad y cada horizonte invitan a explorar sin prisas, recordándote constantemente por qué este mundo es tan especial.  Odyssey marca un punto de quiebre dentro de la saga. Para ser un Assassin’s Creed, se atreve a ser diferente: adopta una jugabilidad RPG profunda, con farmeo, builds personalizadas, progresión constante y libertad total para definir tu estilo de combate. Ya no sigues un camino impuesto; tú lo construyes. Y esa decisión cambia por completo la forma de vivir el juego.  La historia se sitúa antes de todos los acontecimientos que conocíamos, y funciona como una pieza clave que conecta el pasado con el futuro de la franquicia. Si prestas atención, notarás cómo todo encaja, especialmente con Assassin’s Creed Origins, dejando claro que nada de lo que ocurre aquí es casual. Odyssey es el cimiento sobre el que se construye todo lo demás.  A nivel artístico y visual, el juego es impecable. Cada escenario respeta su época, sin abusar de elementos fuera de contexto. La ausencia de las hojas ocultas no es una carencia, es coherencia histórica: estamos en el año 422 a. C., cuando el credo aún no existía. Esa fidelidad le da identidad propia y refuerza su narrativa.  La exploración marina merece una mención especial. Sumergirse en cuevas submarinas, ruinas hundidas y restos de un mundo olvidado transmite una sensación de descubrimiento pocas veces vista en otros juegos. Es un recordatorio constante de que Odyssey no solo quiere que avances, quiere que explores.  El protagonista es poderoso, casi un semidiós, y esa fuerza tiene sentido cuando juegas sus DLCs, los cuales expanden la historia de manera brillante. Cada contenido adicional aporta nuevos mapas, relatos bien construidos y una sensación clara de cierre, como si el juego supiera que estaba contando algo importante.  En lo personal, fue una experiencia que viví dos veces: primero en PS4, donde obtuve el platino, y luego en PC, donde conseguí sus 93 trofeos en 197 horas, jugándolo en dificultad pesadilla. Y aun así, es de esos juegos que te hacen olvidar el tiempo, como si cada sesión fuera una despedida que no quieres terminar.  Assassin’s Creed Odyssey se siente como el cierre de una era. No solo por su ambición, sino porque representa el último gran suspiro de una saga que se atrevió a reinventarse sin perder su identidad.  Recomiendo este juego a quienes quieran vivir una aventura épica, explorar mundos vastos, caminar por la Grecia antigua y experimentar un Assassin’s Creed diferente, marcado por su ambición, libertad y sentido de aventura.  No es solo un Assassin’s Creed: es un viaje que se recuerda mucho después de soltar el mando. Gracias por leer."
62,"AC Odyssey beni şaşırttı. Asla oyunu %100'lemeyi beklemiyordum. Antik Yunan zamanını o kadar iyi yapmışlar ki gezilebilecek, yapılabilecek her şeyi yaptım. Oyunun bana sunduğu tüm contenti ana oyun + dlcler dahil %100 bitirdim. Gameplay'i akıcıydı ve Kassandra'nın geliştiğini görmek keyifliydi. Hikayedeki cult mevzusu ve tanrı-isu-insan olaylarını açıkladıkları kısımlar en ilgimi çeken kısımlardı. Seçimlerin pek bir etkisi yok zaten öyle bir beklentim de yoktu ben daha çok açık dünya, yan görevler ve gameplayindeyim oyunun.  Tabii açık dünyasında çoğunlukla tekrar eden aynı içerikler var ama beni hiç sıkmadı sadece biraz daha az ve öz olsa daha iyi olurmuş çünkü  sadece oyunun süresini uzatmak dışında bir şey katmıyor. Kassandra'nın ses aktörü kesinlikle oyunu eğlenceli kılan şeylerden biri. Beni çok eğlendirdi ve karaktere bu kadar önemli bir lore yazmaları hoşuma gitti. Eğer ubisoft mal değilse Kassandra'yı her oyunda mutlaka kullanır malum sebeplerden ötürü. Kısaca iyi oyun ve %100'lemek eğlenceli."
63,It's a pretty good RPG if you think of it as a standalone RPG and not an assassins creed game.
64,"Моё приключение наконец-то завершилось в этой игре.  Хоть многие плюются, пишут и говорят, что это самая худшая часть в серии «Assassin’s Creed» - я  соглашусь на половину. Первые 100 часов, игра мне нравилась, заходя в неё, получал удовольствие, но уже когда перешёл отметку 110 часов, во мне что-то перемкнуло и я начал уже ненавидеть эту игру, поэтому остаток по сюжету и достижениям, я получал через «нехотение» - в том плане, что появилось желание дропнуть. На самом деле, задумка хорошая, но на деле Юбисофт - навалили в штаны, потому что, смотря на основной сюжет игры, он хоть и интересный, но очень маленький. Я прошёл половину сюжета и решил отложить его, как говориться «самое вкусное на конец» - но, когда я начал его проходить, я разочаровался...  В этом Ассассине бесит одно - это гринд. Многие срут эту часть и дропают из-за гринда, но я кое-как справился уже под конец своего похождения. Игра на самом деле очень однотипная, квесты похожи друг на друга, по типу сходи туда, принеси это или же убей кого-то.   Сюжет - хоть история начинается неожиданно. Пролог идет долговато - но это и не минус, просто я удивился, когда по сюжету выбрался с Кефалинии, спустя 5-6 часов игры)) В некоторых моментах сюжет интересный, захватывающий, но потом начинается клоунада. Я когда скачивал игру, мне очень хотелось увидеть, как разработчики обыграли исторических личностей - например: Сократа или отца медицины Гиппократа и других. Хоть и узнал о них что-то интересное, но почему-то некоторые говорят, что это клоунада... Даже не знаю, что сказать, но я чертовски был удивлен увидеть всех их. Если выполнять их доп. квесты, они по какой-то части интересные, но плюс минус одинаковые.  DLC (все) - они не плохие, но есть куда расти. DLC «Наследие первого клинка» - классное сюжетное DLC, спойлерить не буду, захотите пройти - пройдёте и узнаете. DLC «Судьба Атлантиды» - интересное DLC с нормальным погружением, но очень долгим гриндом(опять), некоторые моменты очень удивили в начале DLC.  РПГ - неплохой жанр, но не для ассассина, мне поначалу понравилось играть, но потом я просто уже ненавидел всей душой эту игру. Собирать билд на героя - конечно это база для рпг, но выглядит тут ужасно. Я пытался уйти в класс война и убийцу, но получалось не всегда хорошо, всё из-за ужасной системы прокачки.  Навыки - это круто, но когда в них добавляют магию, которой раньше в ассассине не было, это конечно огромный шаг вперед.  Карта - очень огромная, в начале Вы появляетесь на Кефалинии, а потом открываете карту и видите этот ужас... Огроменная карта, с огромным количеством маленьких островочков, на которых особо ничего не происходит. Да там есть интересные острова, но большая часть из них - пустышки. То есть там квесты и знаки вопросов, но после изучения, вы просто забудете про них.  Активности - это просто тихий ужас, бегаешь изучаешь карту, а потому выполняешь активности, и так по кругу. Находишь лагерь - поджигаешь припасы - убиваешь капитана - открываешь сундук - подбираешь острокон. И так по кругу, меня уже под конец просто всё зAэбAло.  Корабль - механика хорошая(я играл только в первую часть и трилогию Эцио, поэтому мне с чем сравнивать, позже напишу почему так перепрыгнул на одиссею). Единственное, что хочу сказать про корабль - это система гринда ресурсов. Ради достижения  на прокачку мне пришлось - ужасно много гриндить ресурсы)) Но всё же справился с этим.  Ещё что удивило - это выбор по сюжету, то есть можно получить хорошую либо плохую концовку, я вышел на хорошую, так как мне очень было интересно, что будет, если на неё выйти, выбор в этой игре очень сильно влияет на ход событий.  Система уровней - это какой-то кошмар на самом деле, хоть я под конец достиг 71 уровня, но когда ты дерешься с каким-то бичём из спарты, и у тебя 60.000 урона за тычку, он принимает урон как губка, то есть ему всё равно, и надо нанести намного больше тычек, чтобы убить его. Если у Вас есть оружие выше Вашего уровня, даже на 1-2 единицы, то вы не сможете его даже одеть и использовать)) Были моменты когда я нападал на наёмников с уровнем выше моего на 20 единиц, одна тычка - и ты на последнем сохранении.  Проблемы с балансом классов - самый читерный класс в этой игре «охотник» - так как, ты можешь сидеть далеко и просто настреливать по балванчикам, а им будет всё равно на тебя. Ещё, в магазине игры, есть баганный лук синего качества, который можно купить и играть с ним до конца игры. Я старался вообще не обращать внимания на этот класс и забить на него, но есть в игре боссы, против которых этот класс нужен.  Микротранзакции в одиночной игре - когда это увидел впервые, я был просто в таком шоке, что это невозможно представить. Хочешь быстрее прокачаться - задонать, хочешь красивую лошадь - закинь деньги и т.д. Самая худшая идея из всех, которая могла появится в одиночной игре.  Система «Наёмников» - по началу эта система показалось крутой и даже интересной, но спустя несколько десятков часов, это просто уже начало надоедать, когда случайно сделал какую-то пакость и за тобой бегает наёмник, который мешает двигаться по сюжету, такое у меня было часто, и я просто ненавижу эту систему.  Баги - это буквально, что можно встретить во всех играх, но в этой игре это было очень часто, позже выложу скриншоты с багами, которые я встретил за всё прохождение.  Подведу итог, хоть обзор и получился такой огромный, но уже просто накипело, если честно. Почему же я перепрыгнул после трилогии Эцио на эту часть? - Всё потому что я купил Gold издание из-за dlc и третьей части ассассина, захожу в тройку, а у меня просят ключ активации, а его мне не дают, нашёл на форуме решение - нужно просто зайти в одиссею и всё появится, поэтому я решил пройти одиссею, так как 110 гигов - скачивалось у меня более 8 часов. Если у Вас хватает терпения, усидчивости и немного желание гринда, то вам стоит попробовать, если же нет - то не надо сюда суваться. Оно того не стоит, честно говоря. Как бы игра не выглядела красиво и интересно, но правда не стоит. После долгого гринда было очень тяжело дальше играть в эту игру, начали появляться мысли - дропнуть и забыть её. Думаю, что в будущем я не буду - её перепроходить, потому что это просто ужас.  На этом мой маленький обзор закончился, спасибо Юбисофт, за очередной Ассассин, но Вы  немного облажались. 4/10 <3"
65,Odyssey is the first AC game that I’ve played all the way through to 100%. Exploring the world felt like a Greek vacation where I somehow kept getting distracted by beautiful views instead of finishing the main quest.
66,Hayır kassandra şimdi olmaz. seni lanet tarikattan kurtarmadan önce yan görevleri bitirmeliyim.
67,"Świetna i wciągająca gra z ogromnym otwartym światem ładna grafika, fajna fabuła, gameplay też spoko no polecam zagrać bo warto no i jak dla mnie to 10/10 dowalone ""absolutny szczyt"""
68,"Одиссея - игра, в которой за 100 часов ты не превращаешься в машину для убийств, а остаешься лохом, отлетающим с нескольких ударов"
69,"Вот и кончилась моя Одиссея)))  это было увлекательно, интересно, под конец конечно напрягли дополнительные квесты с их ""принеси-подай"", но в целом я не пожалел, что купил и наконец прошел))"
70,刺客信条系列的全面退化  从头到尾的唯一玩法就是清据点，主线清据点，支线清据点，不做任务的时候也只能清据点。 窃听跟踪偷窃开锁解谜跳机关还有各种各样的小游戏全没有。 有的只有一个又一个复制粘贴的据点，这些据点跟老滚或老头环中常见的地牢还不一样，毫无探索性可言，清完之后也得不到什么特别的奖励，极其无聊。 显然地图并不是做得越大越好。而且作为一个rpg游戏，它的build深度又显得不足，根本没法和庞大的据点数量相匹配。 dlc倒是新加了一些技能，但想体验到这些至少得几十个小时之后了。  风景看起来确实挺漂亮，但看多了就会发现也一直在重复。 一样的山一样的树林一样的城市，除了雅典卫城的帕特农神庙似乎没有什么地方能给人留下特别的印象。 所有区域都是一个样，除了dlc新加的几个岛屿有些不同之处。  剧情上主角既非刺客，亦无信条。 幼时被迫卷入阴谋流离失所，长大后变成了个两面三刀的雇佣兵，帮完雅典帮斯巴达。 只有谈及家人关系时主角会表现得比较有信念感。  此外由于rpg化，等级压制十分严重，前中期build未成形时低一级就没法打，而主线任务经常跳级，上一环任务是28级的，下一环直接变成31级。 即使情况十万火急，我也得先去其他小岛上做几个支线升升级。 为什么要去其他小岛？因为这个区域的支线我早就顺路清得差不多了，但等级依旧不够。 这种设计直接导致剧情体验极其稀碎，哪怕这个主线剧情当作家庭伦理剧看着还行。  而关于先行者的暗线剧情，已经完全变成了往游戏里加魔幻元素的借口。 牵强附会就像是初中生自嗨写出来的一样。 压根没有以前那种一点一点获悉历史真相的阴谋论故事的感觉。 现代故事线更是形同虚设。  暗杀玩法也被阉割，除了背刺经常不能秒人外，下落击杀的高度也被限制，站得太高就无法下落击杀，而悬挂击杀更是被直接删除。 人物动作也有缺失，原本向悬崖奔跑时，要是触发边缘保护，人物会有个刹车踉跄的动作，我不能理解删除这一动作的目的。 因为做了大量野外场景，跑酷内容也几乎没了。所谓的远古时期城市化不足只是借口，实际上把整个希腊做出来除了宣传的时候可以装X，对游戏性毫无提升，明明专注于把几个重点城市做好就行。 作为系列特色的鹰眼也没了，在很多游戏中被大量借鉴的，甚至其他游戏只要出现特殊视觉的能力就会被玩家们叫做鹰眼，但是在刺客信条里却被替换成了老鹰形无人机，相关的玩法也随之消失了。我寻思无人机和鹰眼也不冲突啊。  总体而言这个游戏各个方面都十分平庸，完全没有能吸引人的亮点。像是经历办公室斗争之后，有能力的人被排挤走，一群脑袋空空的人自己做不出新东西，只能拿着前辈留下的素材，不停地重复地堆砌内容，靠工作量来假装自己很有能力。
71,"Yeah yeah, we get it it's not really an Assassin's game for some of you, but listen; you get to know what inspired the Templars, you meet the first hidden blade in DLC & you explore a lot of ISU side of how things were run by them. Just put on the easiest difficulty if you want to enjoy the story, but if you want challenge nightmare is the way to go, boss fights are very challenging."
72,超级好玩的罐头，神话三部曲之最，史诗级体量，虽然玩法有点重复可能导致枯燥但我要是喜欢这个玩法你不炸了吗
73,Awesome world design (again)! Better combat in this game IMO comparing to the prev one. I repeat: AC Odyssey and AC Origins are GREAT.
74,"愚逼，傻逼一样的服务器，智障一般的启动器，跟EA坐一桌的残疾智障。 Ubisoft, your server is a ♥♥♥♥♥♥♥ piece of ♥♥♥♥, and your game launcher is a ♥♥♥♥♥♥♥. You should go to a cesspit with EA to eat ♥♥♥♥. You ♥♥♥♥♥ ♥♥♥♥♥♥♥♥♥♥‌."
75,"I really want to like this game. God knows I've spent enough time in it but I just cant recommend it.  First things, the good stuff:  It's very very pretty. Walking along a beach at dawn/dusk or sailing the Aegean during a storm can be genuinely stunning at times and reaching a viewpoint almost always comes with an impressive view of the world. And the world is massive. People criticise Ubisoft open worlds a lot but they do have a talent for it and the little details I feel often go overlooked. Those details are here.  There are places where the atmosphere is pretty good. Going for a stroll through the countryside or the city has the ambience right.  Historically it's not perfect of course and I know some people get very bothered by any inaccuracies but I'm less concerned about that. Things are broadly correct and it's enough for me, it's a game not a textbook.  The soundtrack is one of the better in the series. Although I feel it uses its weakest tracks the most frequently which is a bit disappointing.  The story is fine. That's all. Kassandra is pretty likeable as a main character (I would strongly advise choosing her over Alexios to play as).  Though it has pacing problems I'll save for later.  Now the bad, of which there is a lot:  Notice how all the stuff I praised essentially boiled down to aesthetics? That's because the game world falls apart somewhat when you actually have to interact with it.   The vast majority of npcs feel like cartoon characters. I can count on one hand the amount of characters that feel like real people, and the voice acting and models don't help. Voice work is generally over the top and feels like a bad local theatre performance. There's weirdly few face/hair models for npc's so everyone quickly starts looking the same. So much so that I was convinced for much of the game that two characters were actually the same person and it would be a plot twist. It was not.  The games biggest crime, which infects everything else, is the levelling system. It is terrible and every part of the game suffers for it. Enemies level up along side you. This means that you never actually get stronger as the game progresses. You can be an end-game level 50 demigod but those regular town guards will still be just as difficult as they were at level 1, because whenever you level up they just follow you.   The worst part of this is enemies are insane damage sponges. This isn't much of a problem early game but it becomes very frustrating later on. There is a lot of combat in this game and whilst the combat system itself is okay (it's doing a worse version of the fromsoft thing) it's exhausting after a while. Normal infantry taking multiple full combos to take down is bad enough when there's only a few of them but this game likes throwing armies at you. Enemy officers or rival mercenaries can take minutes of hacking away at. Some of the actual bossfights have health bars that would make Darkeater Midir blush. Unfortunately the combat isn't good enough to justify all engagements taking so dang long. It lacks the engagement of a fromsoft game and it doesn't make the game more challenging just more tedious. You will figure out enemy patterns very quickly but then have to spend twenty minutes chipping away at them. And that's if you lucky and the ai doesn't bug out and make all the enemies attack you at the same time (this happened to me a lot and would consistently kill me immediately).  Another side effect of this is that stealth becomes essentially useless. When only around 1 in 3 enemies can be reliably stealth killed (everyone else it just does a bonus damage attack and then alerts everyone around)  you stop bothering.  Enemies detect you immediately after the slightest glance. It feels like the stealth system is only here at all out of obligation as the game forces you into combat every chance it gets. The only times I did stealth were when I was so sick of the combat that I was avoiding it at all costs.  The levelling is also what destroys the story pacing. Areas/quests in the game have recommended levels, and trying to do anything more than one or two levels higher than you are is essentially impossible for the normal player. Main quests have an annoying habit of jumping recommended levels. You'll finish a level 18 mission and find that the next one is level 22. This means a good three or more hours of sidequesting to get up to scratch. This would be less painful if the sidequests were not terrible. There's a handful of good ones but this game must have over a thousand side quests but almost all of them are identical. Go to this place, kill enemies, come back. Most of them are clearly procedurally generated as the dialogue is very generic and often reused. And it's dialogue you'll be hearing a lot as levelling up is a very slow process and you'll be doing a huge amount of these quests.  This is made even worse by the amount of story quests that are essentially side quests. Frequently I'd finally be ready to do the next story mission. I'd go to the related character and they'd basically say ""your next mission is to go to these three random people on other sides of the world from each other and complete a quest chain for them that doesn't link to the plot at all. After that come back and I'll tell you something you already knew"".   Seriously, one main quest mission had me speak to this kid about finding a key to a door. The kid says he doesn't know but sends me to see three other people and ask them. Each of those people I had to do a random quest for before they talk to me. After doing all three they tell me the kid has the key. I go back to the kid and he says ""oh yeah this key sorry I forgot about that"" and opens the door. The game played it off as a joke, like I was meant to say ""oh you little rascal"" but this took over two hours. I was furious. This is the worst kind of padding and everything in the game is like this. Everything is dragged out to the point of becoming miserable.  The game constantly teases you with greatness but every time it seems like something cool was about to happen the levelling system slams on the breaks and sends you off for several hours of nothing. Then when you finally do get to the cool bit, you realise it isn't cool. It's another of the same combat mission you've done dozens of times.   The DLC. Gotta admit I haven't finished either. I got hours into both and realised it was just more of the same. Legacy of the First Blade is boring and forces you into a marriage and kids that was so out of character it felt like Kassandra was being violated in a weird way. I was actually kinda excited about Atlantis until I got there and a guy immediately sent me off to see three people who each had a series of unrelated combat jobs for me. A slightly depressive wave came over me as I saw that it was just going to be another twenty hours of the same thing. I just closed the game. I was done with the damage sponges. I was done with the fort infiltrations. I was done with doing the same things over and over and expecting the game to finally come into its own.   That is Odyssey's greatest skill. It keeps you playing. It is fantastic at making you think that it's going to get good any minute now. Just a few more quests. Just one or two more levels and I can do that thing that sounded cool. No. It's more of the same. I am tired of Odyssey but I don't hate it. Somewhere in here there is something great. Remove the levelling system, cut out all the padding and tighten up some of the writing and there's a great game here. Unfortunately playing it really does feel like a second job.  Will I keep playing? Honestly probably yes. Should you? If you like Valhalla then maybe you'll have a blast. If not, just keep in mind the sunk cost fallacy. Don't be me and keep going out of obligation."
76,"210시간 했는데 아직 현대파트 못갔음  퀘스트 존나 많음, 분기퀘스트도 많음  메인보다 서브퀘부터 먼져 조져야하는 병있으면 내꼴남"
77,"Après une bonne centaine d'heures passées sur AC:Odyssey, je pense avoir désormais la légitimité de donner mon avis sur ce jeu.  Le jeu pour moi est tout simplement génial. Autant certains pourraient le trouver redondant, ou désagréable, mais je l'ai trouvé bien plus à la hauteur que les derniers AC qui ont pu voir le jour. J'aimerai également souligner la beauté de ce jeu, il est parfaitement splendide. Il est indéniablement beau, et l'on s'en rend compte non seulement dès les débuts du jeu, mais bien plus encore une fois les tutos terminés et que ce monde nous ouvre les bras.  Nous nous retrouvons au milieu d'un monde qui sort clairement de l'ordinaire, rares sont les jeux qui s'attaquent à cette période de l'humanité et nous y sommes plongés dès les premières minutes. Le jeu arrive à nous garder captivés à chaque mission, car le monde et ses secrets s'ouvrent toujours plus à chaque petite avancée que l'on fait.  Le système de combat est très agréable, le jeu est bien codé, il n'y a que de très rares bugs, les missions sont sympathiques, les quêtes principales/secondaires sont bien trouvées et on a vraiment l'impression d'ajouter notre pierre à l'édifice dans ce monde vaste. En parlant de monde vaste, quel plaisir d'avoir un monde ouvert qu'est réellement ouvert, et qu'est assez immense pour que l'on se dise ""Houlà, j'ai une sacrée trotte à faire"".  Le système d'arbre des talents/compétences est facile à prendre en main et laisse le choix au joueur d'avoir trois styles de gameplay différents, ce qui rend la chose agréable, la montée en puissance du personnage se fait vite ressentir et on a vraiment cette impression de prendre du galon. C'est extrêmement agréable de voir son personnage gagner en puissance par le fruit de votre dur labeur.  Les personnages sont attachants, autant notre joueur que les héros qui nous entourent, les choix de dialogues sont parfois un peu ambiguës ou trop extrêmes dans les réponses mais on finit par s'y habituer. Ce simple système de pouvoir avoir des choix, c'est également une très bonne feature. C'est cool de pouvoir donner un avis, même si parfois, ça ne change pas la finalité, il arrivera que ça puisse avoir des conséquences. Attention à vos mots !  L'histoire est bien amenée, tout n'est pas directement servi sur un plateau comme un plat pré-chauffé direction le micro-onde pour 3 minutes, il faut avancer pour découvrir, et à force d'avancer, on découvre de nouvelles facettes du jeu qui sont à mes yeux, le clou du spectacle ! Les efforts sont récompensés par de l'aventure supplémentaire, de l'équipement, mais surtout, différentes histoires qui se joignent pour n'en faire qu'une. Quel plaisir de ne pas suivre 1 seule et pauvre ligne directive.  Les DLC sont purement jouissifs, je les conseille très fortement car ils ajoutent un gros + pour votre partie, à partir du mid-game/end-game, ce qui rajoutera un sacré paquet d'heures de jeu supplémentaires, et bien plus encore. Que ce soit pour le plaisir du gameplay, ou pour s'en mettre plein les mirettes, ils valent très franchement le coup.  Ce jeu n'est pas un jeu qui se rush, il faut prendre le temps, admirer, observer, remplir les petits comme les gros objectifs. C'est un monde ouvert dans lequel se cachent de petits secrets, et il est plus que recommandé de s'attarder sur les petits détails qui font de ce jeu un petit bijou. Ne soyez cependant PAS trop gourmands sur l'exploration de carte par rapport à l'histoire, sinon cela vous vaudra quelques désagréments (comme par exemple, refaire une 2nde fois la zone car vous n'aviez pas une quête... C'est assez dérangeant la première fois, et on évite de refaire les mêmes erreurs).  Egalement le système de navires est un très grand plus, quel plaisir de pouvoir explorer tantôt les mers et tantôt la terre, le système de factions est réussi, on finit par nous-mêmes s'immiscer dans ce contrôle constant de la carte, on prend parti et on agit (peut-être) selon certaines préférences.   Je recommanderai encore et encore, il m'a permit d'avoir une excellente expérience de jeu la première fois, et cette seconde run est la cerise sur le gâteau.  Petit bémol sur le système de stuffs, il faut souvent le remplacer car rapidement obsolète. Faites-y attention. Egalement, certains combats peuvent durer vraiment longtemps. (Je m'en plains là, mais vous comprendrez pourquoi lorsque vous serez dans cette situation !).  Cela faisait longtemps que je n'avais pas eu une aussi bonne expérience. Pour les curieux d'histoire, les fans de la saga AC, ou encore ceux qui découvrent et aimeraient se lancer dans une belle, longue aventure qui change de ce que l'on voit d'habitude, foncez-y les yeux fermés, vous serez contents du détour.  Bon jeu à vous ! Et on se revoit d'ici deux ans pour ma prochaine évaluation ! ;)  "
78,"Assassin’s Creed Odyssey is one of the best games ever made. Its recreation of ancient Greece is stunning, with remarkable architecture and a vast, immersive world full of things to explore.  The DLCs feel like entirely new games, adding even more depth and content. As someone who played the older Assassin’s Creed titles, I see this as the true evolution of the franchise—the peak of Assassin’s Creed.  I’ve played it three times (2018, 2020, and now), and it’s still just as engaging. For fans of classical history, this game is truly one of a kind."
79,"I hate that I love this game.  Do note that game is very very veeeeeery long even if you are jobless like me,it's gonna take you months to explore everything in the game. It's not an assassins creed but more of an adventures of a Greek mercenary as you go around exploring and helping.  Story is quite good,mysterious with each chapter though last chapter of good ending felt a teen wrote it who got into slice of life anime genre. Characters are best written ones I seen in an assassins creed game,Alexios/Kassandra is one of best main characters in an rpg game and side characters like Sokrates are quite memorable  The world is quite sexy looking for a 2018 game BUT the gameplay is horrible. You are gonna need to grind levels for certain missions to progress and exploring unknown areas was just so awful. You are either gonna clear out enemy camp, hunt an alpha animal or loot chests with bad gear. That's it and the world is one of,if not biggest worlds in a game I ever seen. If you are gonna try to explore it all within days,you will burn yourself trying to uncover every corner of the map. I personally loved first 30 hours of the game,then around 60 hours I started crying how much more of this am I gonna have to do. So exploring and grind made me feel neutral on the game,it should have been more like origins who had it perfectly paced.  Also wasn't a fan of the story outside the simulator, the main girl is simply boring with no personality unlike Desmond from previous games, honestly should have been like syndicate where you just view cutscenes for 5 minutes and get back to the simulator.  Overall fun adventure game but a bit too grindy.almost made me quit open world games for good  Also works flawlessly on steam deck oled,60+ fps and high graphics  8/10 for me P.s kinda cringe ubisoft made Kassandra as canon main character,what's the point of picking a sibling then??"
80,"If you're curious whether everything negative people say about the 'RPG' AC games is true, like I was, let me save you 80+ hours and confirm it's all true. For context, I never leave reviews. If you like a game, cool. Hate it? Cool. But I just do not understand how this game is sitting so highly rated.  I have never, NEVER, played a game so completely filled with and predicated on repetitive, mindless slop content. Every. Single. Quest is 'mistios, I've run out of toilet paper, please kill the bandits that took it' or, even worse, 'sprint around in a 100m radius circle to collect 5 leaves, I've been waiting weeks for a hero like you to come along and help'. Every quest objective is ever so slightly far away as well to feel like a complete chore to get there. This isn't just the case for the hundreds of side quests, but the main quest as well.   Speaking of the main quest, I'd heard positive things and sadly I think those people singing the game's praises were playing a different game. To be clear there are sections of the main story I enjoyed, sections with genuinely rewarding emotional payoffs, genuinely impressive motion capture helping sell tragedy in some moments, and some great voice acting by Kassandra's voice actor. However most of what you'll be doing feels ancillary, unimportant and a complete waste of time in a game already bloated with slop content. Worst of all, I'd heard the payoff was worth it but the story just sort of... ends? The modern day aspects are also by far the worst aspects, full of characters I had genuine disdain for and, again, zero payoff.  The gameplay itself, depite the 'RPG' mechanics, is a basic and brain-dead as it's ever been in this franchise. Parkour is the biggest culprit with near enough no depth and the abilities to completely negate fall damage 10 hours into the game, and completely scale 95% of surfaces without any thought as to your path from the opening minutes of the game. Combat is animation driven slop with an incredibly low skill-ceiling and a reliance on long 'super-power' abilities that I'd honestly um and ah over whether to use. On the one hand the fight (and my misery) might end sooner, but on the other the 15 second combat animation might mean I'd be better off button mashing. If you insist on playing this game I implore you, gear yourself towards a high crit chance and crit damage build that can one-shot enemies and turn the difficulty down to easy, you'll be done a good few hours sooner.  The game is also this awkward hodge-podge of all the worst ideas from other games. Did you love the inane map-marker driven nonsense in the witcher 3? Did you also feel that while the witcher 3 was a masterpiece in some regards, the combat was a weaker aspect of the package? Good news, we've got thousands of cut and paste map markers and the combat is worse than in the witcher. Did you like the nemesis system in the LOTR Shadow franchise? Then you'll love this completely gutted, characterless mercenary system blatant copy of it. It even takes genuinely good aspects of previous games in the franchise and makes them inexplicably worse. How is the naval combat in Black Flag SO much more enjoyable, versatile and well-executed than a game by the same developers, released 4 or 5 years after it?   My final vent is the length and the DLCs. At this stage I'm about halfway through the Fate of Atlantis. Throughout my 85ish hours with the game I've been debating whether my thoughts are it's bad game or just a mindless game that's not for me. I was thinking the latter held true but this game is so intent on showing more and more hours of pointlessness down my throat that I simply can't picture anyone who'd enjoy the content on offer stretched over this length. Genuinely, I want to meet them, the same way I'd be interested to discuss with a serial killer why they are the way they are so I can just understand how their brain works more than anything. I thought approx 7.5hrs ago that I was finally coming to end with this game but had the awful realisation this final DLC looked a little large. So I googled. 15 hours long. I'm trying. Seriously, I'm trying to get through it. But the negatives of the main game are even sharper here with even less payoff. I think I might have to give up on this torture, I'm getting more enjoyment writing about how you should please, please avoid this slop than actually pushing through the final 5 hours to at least mentally tick this game off and parcel it away in my library to never touch again.  HOWEVER, it's not all bad. The game looks gorgeous. The sync point towers provide from some great screenshot opportunities across varied and genuinely gorgeous biomes. It feels like a success in being an 'odyssey' in this respect. It runs surprisingly well as well. I've got a strong rig but I was genuinely surprised to see I could push 1440p ultrawide at 100fps (with dips to 80ish in city areas). Additionally, there was a period of about 10hrs where I just roamed the Aegean, landing on new islands, completing quest chains and indiscriminately stabbing my way through Greece. This felt like the game I imagined it could be. Well put together, contained, gorgeous, a genuine sense of discovery. Were all these positive worth the slog of the remainder of the game though? No. Not even slightly. This game is a case study in how to create a gorgeous, soulless time sink that has no regard for the intelligence or time of players and I'm genuinely baffled as to how this half-baked RPG nonsense the franchise has turned to hasn't completely killed this tired franchise that I (for better or worse) spent so much time with as a kid.  By all means give it a go, but if you aren't hooked within 2hrs, please please refund this. It doesn't get better, it just gets longer."
81,"И так, я долго откладывал эту игру, но наконец-то прошел, и, честно говоря, я разочарован  Плюсы: -Невероятно красивый дизайн уровней и масштабность игры   -Относительно хорошая оптимизация  И, пожалуй, на этом всё. А теперь минусы: -Мир да и красивый, но он пуст настолько, насколько и велик  - от франшизы «Ассасин» осталось только название: я с фул легендарным комплектом ассасина, донатным кенжалом на +300% урона ночью, с полностью прокачанной веткой ассасина и заряженной атакой не могу всех шотать в спину - все квесты максимально однотипные и неинтересные, всю игру ты просто будешь что-то приносить или уносить, а между этими миссиями будешь зачищать форты  - 80% игры — это ♥♥♥♥♥♥ гринд уровня персонажа и шмоток, потому что если ты 30-го уровня, а враг 32-го или, не дай бог, 33-го, ты ♥♥♥♥♥ ему не сделаешь или просто будешь ковырять его полчаса - лошадь — это отдельный вид пыток, эта ♥♥♥♥♥♥ тварь почему-то не может бежать в городе или возле города, да и вообще возле любого микроскопического или даже сожженного поселения, и иногда пешком быстрее, чем на лошади -из-за такого огромного открытого мира нпс реально все одинаковые, ты можешь убить кого-то по сюжету, а потом через 15 минут брать квест на добычу мошонки медведя у нпс с таким же лицом -Сюжет меня тоже, если честно, немного разочаровал, хотя я прошел на хороший финал, но он какой-то нелепый  По сути, игра откровенно на грани дерьма, меня подкупила только моя любовь к истории и мифологии Древней Греции, за всю игру было всего несколько интересных моментов и действительно интересные миссии про Атлантиду и культ. Так что игру я бы советовал покупать с максимальной скидкой или вообще лучше посмотреть прохождение на ютубе"
82,"👍 RECOMMENDED (9/10) Basically ""The Witcher 3"" but in Ancient Greece.  The World: Ancient Greece is absolutely stunning. The map is massive, and every island feels like a postcard. Sailing the Adrestia while your crew sings sea shanties is a whole vibe.  The Hero: Play as Kassandra. Her voice acting is S-tier, and she’s easily one of the best protagonists in the entire series. No cap.  Combat & RPG: It’s fast, flashy, and fun. Throwing a Spartan Kick off a cliff never gets old. The build variety is solid—you can go full stealth assassin, a tanky warrior, or a literal demigod with elemental powers.  Content: This game is a total unit. If you enjoy clearing maps and hunting down the Cult (which is super satisfying).  The catch: It’s a bit of a grind. Sometimes the game forces you to do side quests just to level up for the main story. Also, if you’re an OG fan who misses the old-school ""social stealth,"" this feels more like a fantasy RPG than a classic AC game.  Verdict: It’s an epic journey that actually feels like an odyssey. If you love open worlds and historical settings, this is a must-play."
83,"Одна из лучших игр в которую я играл в принципе за жизнь. Выкиньте слово в Амин и наслаждайтесь. Крутой открытый мир который можно исследовать не часами а днями. Когда я прокачался чувствую себя непобедимым гераклом. Жаль сюжетная линия слабовата, но это невилируется игровой механикой и шикарным открытым миром и мифами древней Греции. Короче 9 из 10 по моему мнению, хотя я очень требователен к играм"
84,好玩，但是还是要锐评一下奥德赛。 朱波第一部先玩的起源。先说主线，感觉奥德赛相比起源来说主线更长分支更多，感觉有点太多了导致我这种记性差的有时候记不住主线内容，也不知道谁是谁。 第二是各个地点同质化也太严重。尤其是几乎每个营地地图都长的一模一样，重复到完全不用伊卡洛斯就能猜到宝箱在哪。。。墓也一样，起源金字塔的墓感觉就很有意思，奥德赛完完全全差不多除了极个别有别的玩法。 第三，特别特别讨厌冥界地图我一直哭吧。各个地方几乎都是在洞里面，伊卡洛斯根本就扫不到宝箱在哪，稍不注意就迷路了有时候能在洞里面困好久…而且进入那个什么环里面画面好黑，朱波视力不好看得我力竭。  但素好玩的点还是很多！！地图竟然有5个吗育碧你这家伙…真的是非常量大管饱，而且阿利克西欧斯真的是非常的帅吧O3O顺便带点私人恩怨我要踩一脚蕾拉。真的好坏起源的时候都没看出来，这一部竟然这么坏一棒子敲死了医生还跟其他队友撒谎说没什么事…不过好在英灵殿里蕾拉就下线了桀桀桀桀桀桀 飞雷神好好玩好好玩好好玩，就这样kuku扎人 虽然非常的罐头但是也非常的好玩吧这边给到一个夯
85,"After lobbying the European committee to kill the ""stop destroying video games"" initiative I would not recommend buying any game of Ubisoft. If the reason why is not obvious, please read the Ubisoft Eula: ""Upon termination for any reason, You must immediately uninstall the Product and destroy all copies of the Product in Your possession"""
86,风景好，如果能开最高画质玩耍很爽，可惜我开不起。
87,"Очень красивая игра, графика, музыка, история и мифы  древней Греции, всё просто бомба. Но к игре нужно подходить не как к продолжению прошлых частей, а просто как к отдельной игре. С Assasins Creed, у игры нет ничего общего. Это просто очень качественный продукт от Ubisoft."
88,"Clearing out a fort/camp > Climbing up to a sync point > killing target > fetch something > boarding enemy ship > Repeat.  Where to start, I actually enjoyed the game when I first started playing it however, it is a very long game with lots of side quests and missions. You can easily spend 50-100+ hours trying to complete the main storylines and side quests. The world is beautiful, and they did a good job portraying ancient Greece. I just wish the world was more interactive with things like npcs and stuff sorta like read dead redemption and kingdom come deliverance.   The story is long, exhausting, boring and predictable. The main character Alexios or Kassandra whoever you decide to play is dull and the voice acting for both characters to say the least is laughable. Next, I know how people feel about the RPG installments and I understand, they don’t feel like AC games other than origins which was actually great especially facial animations are way better in Origins. I’m not going to go through the entirety of the story just some main points as it’s very forgettable. Either ending you choose, they’re not that great. Actually I do have a slight other positive that being sometimes it’s challenging which is nice so atleast combat can be interesting at times. The stealth tho, ooh don’t play in stealth it just doesn’t work well. It’s just origins stealth but weak. It is almost impossible to do stealth.   At least, this game is suitable for me to present an overview of the state of classical Greece to my students, especially the maps and buildings. (Rating 6.5/10) You need to rest after playing this game."
89,"I enjoy the game play loop a lot. Leveling up & exploring feels rewarding, the scenery is very nice and combat is enjoyable. The Ancient Greece setting is an absolute treat."
90,"BU aptal ubisoft programını kurmasını istemiyorum, ben oyun kolunu rahatça bağlayarak oynamak istiyorum bu aptal ötesi ubisoft programı tüm ayarları bozuyor . aptal oglu aptallar. bir tarafınıza sokun ubisoft anasının şeyini."
91,please for the love of zeus sell us a video game without an extra launcher
92,"(¯`·._)♣ ♤ ♥♠ villanueva-9 ♣ ♤ ♥♠(¯`·._) Misticismo mitológico, odisea en alta mar y el simulador de la Antigua Grecia definitivo.  Si buscas un juego de rol y acción donde puedas forjar tu propio destino, capitanear un barco de guerra y luchar junto a figuras históricas, Odyssey es el rey indiscutible. Lleva la Grecia clásica del Peloponeso a su máximo exponente técnico, visual y de libertad, cumpliendo el sueño de cualquier amante de la historia, los mitos antiguos y la épica naval.  • Ambientación y exploración insuperables: El diseño del inmenso mapa que abarca el mar Egeo, Atenas, Esparta y las islas paradisíacas es espectacular. Perderse por templos de mármol colosales, bosques densos llenos de fauna y estatuas gigantescas ofrece un nivel de detalle visual e inmersivo increíble que te invita a explorar cada rincón en busca de tesoros y secretos.  • Combate visceral y habilidades divinas: El sistema de lucha evoluciona para darte el poder de un semidiós gracias a la Lanza de Leónidas. Combinar ataques cuerpo a cuerpo, arcos y un árbol de habilidades RPG lleno de poderes activos (como la patada espartana o volverte invisible) se siente ágil, divertido y sumamente espectacular en las batallas de conquista masivas.  • Vida en el mundo y combate naval: El juego te permite vivir la experiencia griega completa: navegar a bordo del Adrastea, reclutar a tu propia tripulación, entonar cantos marineros y embestir barcos enemigos en alta mar. Además, el dinámico sistema de mercenarios que te persiguen por todo el mapa añade una capa constante de tensión y dinamismo al mundo abierto.  • Libertad de elección y mitología: Elegir tu propio camino mediante diálogos con consecuencias, decidir el género de tu protagonista (Kassandra o Alexios) y enfrentarte a criaturas de leyenda como el Minotauro o la Medusa rompe totalmente con la linealidad de la saga, otorgando una libertad absoluta mientras descubres los oscuros secretos del Culto de Kosmos.  • Puntos a mejorar: Al expandir la fórmula RPG, el mapa es tan absurdamente gigantesco que algunas zonas y misiones secundarias pueden volverse repetitivas. El sistema de progresión y niveles es muy exigente, lo que te obliga a realizar mucho contenido secundario (grindeo) para poder alcanzar el nivel requerido por las misiones principales.  Quizás la esencia de los Asesinos tradicionales quede en un segundo plano en favor de la pura fantasía épica griega, pero a nivel técnico, de escala y de diversión es, por mucho, el viaje histórico más ambicioso, vibrante y colosal que Ubisoft ha creado jamás. ¡Centenares de horas de navegación, batallas y mitología aseguradas!  _____________8__88_____8 ____________88_8__8_____8 ___________888_____88___88888 __________8888______88_8____88 _________8888_______88______8_8 _________8888_______88______8_8 _________8888_______8_______8 _________8888_____8_______8 __________88888____8______8 ___________8888888______8 __888_________88888_8 8888888________88_____ _8888888_______8_____ __888888_______88_____ ___88_____8_____8_____ ____8______8____8_____8_88 _______8888_8__88_8_88888 _____888888_8_88__8888888 ____8888888__88______88888 ____88888_____8_________888 ____88_________8__________8 _____8_________8_____ _______________8_____ ____________8_8_____ _____________88_8_____ ______________88_____ ______________8_____ "
93,游戏玩法可以， 游戏剧情有些有趣有深度，但有些确实傻逼， 画面艺术风格还有音乐什么的都是顶级， 男女都能撅满分！！！
94,"Étant passionné par la mythologie grecque, je me suis régalé sur le jeu. CEPENDANT, ne faites pas les mêmes erreurs que moi :  -ne jouez pas en difficulté maximum (cauchemar) car les ennemis sont des sacs à PV. J'ai perdu énormément de temps (160h steam pour 98 dans ma partie) -ne vous forcez pas à jouer. En effet j'avais pour projet avant même de lancer le jeu d'en faire tous les succès, ce qui m'a demandé un temps monstre et m'a démotivé. Je ne lançais le jeu que pour enfin voir le bout du tunnel. Profitez, les succès ne sont pas intéressants.  Passons aux points positifs :  -une reconstitution très réaliste, en effet on peut y retrouver de nombreux personnages ""cultes"" comme Socrate, Periclès et j'en passe -des DLC excellents. Ils apportent vraiment de la profondeur dans le lore des assassin's creed et dans l'histoire principale. Si vous ne devez en prendre qu'un, prenez Les secrets de l'Atlantide. L'autre est excellent aussi mais celui-ci vous fera découvrir de nouveaux endroits et réferences.  En tout cas, je souhaite bonne chance et bon plaisir à ceux ou celles qui joueront au jeu !"
95,"Assassin's Creed® Odyssey - 100%  много мусолить не буду 161 час для платины, но зато я теперь греческий бог с высохшими глазами и кривой спиной.  2 длс превосходные. На 9/10 сама Одиссея и Греция просто нормально на 6-7/10 Мифология и легенды 300/10 все ачивки изичные, они просто долгие и надоедливые.   миссии по типу подай принеси или сходи туда сделай это занимают 90% всей игры. Но остальные 10% это супер крутая часть, из за которой можно закрыть 1 глаз на 90% однотипного скитания по миру  в целом игра хорошая но будет лучше если убрать из ""Assassin's Creed® Odyssey"" слово ""Assassin's Creed®""  7.8/10 "
96,"F - тир игра Из плюсов можно выделить красивую, проработанную древнюю Грецию и интерактивный тур.  Вся остальная игра это натуральная помойка, чистейший кал, сплошные минусы: - нищий сюжет, который утопает в побочных заданиях ради повышения левла - помойные диалоги  - отвратительный гринд ради гринда  - абсолютно пустой открытый мир с одинаковыми лагерями, пещерами, каменоломнями, активностями  - отвратительная боевка  - автолевелинг у врагов - отвратительные побочные задания  - игра про что угодно, но не про ассасинов - баланс склоняется исключительно в пользу микротранзакций , вся игра сделана лишь для того, чтобы выкачать деньги из игроков."
97,"ODYSSEY ÇOK GÜZEL OLMUŞ  Bu oyunu oynamamdaki en büyük sebep abim. Abim vefat etti. Kemik hastasıydı ve Assassin’s Creed serisinin büyük bir hayranıydı. Odyssey onun en sevdiği oyundu. Saatlerce bu dünyada kaybolur, Antik Yunan’da dolaşırken acılarını bir süreliğine de olsa unuturdu. Bu yüzden bu oyuna başlamak benim için sadece bir oyun tercihi değil, abimle kurduğum son bağlardan biri.  Assassin’s Creed evrenini kökten değiştiren iki oyundan biri Origins, diğeri ise net şekilde Odyssey. Seri klasik yapısından çıkıp RPG’ye evrilirken bazı şeyler kaybetti ama çok daha büyük bir dünya kazandı.  Oyunu beğendim, bunu inkâr etmiyorum. Ama dürüst olmak gerekirse çok tekrar ediyor. Görev döngüsü zaman zaman insanı yoruyor ve sıkıldığım anlar az değil. Yine de ne kadar sıkılsam da sonuna kadar oynayacağım. Çünkü bu oyunu yarım bırakmak, onun sevdiği bir şeyi yarım bırakmak gibi geliyor.  Şunu da açıkça söyleyeyim: Expedition 33’e “oyun” diyene Odyssey gösterilmeli. Balon bir oyunu abartıp her şeyden iyiymiş gibi sundular. Odyssey bunun yanında dünya tasarımı, atmosferi, içeriği ve ruhuyla çok daha güçlü.  Oyunun en güzel yanları:  Antik Yunan atmosferi olağanüstü  Müzikler çok güçlü ve duyguyu iyi veriyor  Özgürlük hissi yüksek  Bazı yan görevler ve karakter hikâyeleri gerçekten etkileyici  Kusurları var ama ruhu olan bir oyun. Benim için yeri çok ayrı. Puanım: 8.5 / 10  Bu oyunu oynarken sadece bir Assassin’i değil, biraz da abimin hatırasını yaşatıyorum."
98,一路“叮”过去，主线和两个DLC已经全通关了。如果说战斗的话，神话系列于我而言就是史，潜行半天刺杀发现刺不死的来了，遇到个血量厚的就必须开战，然后吸引过来一堆小兵，啥也别刺杀了。如果说收集的话，几乎每一张地图都有大量重复性的任务，很多场景甚至连地形布置都一样，就是给清理项调换个位置，当然你可以说体量大有重复很正常，但我认为大可不必重复这么多次，实在玩的人脑仁疼。如果说跑图，那更是重量级，即使在鸟瞰点全部解锁的情况下，接任务跑几百米，任务里的第一项跑几百米，第二项跑几百米，每一项都特么隔着八丈远，而且任务内容雷同，让你完全没有听任务详情的心情，只想着赶紧做完，查看剩余任务，然后开始下一轮的坐牢。 然而，以上说的都是一般玩家受到的虐，我开风灵月影又怎么会烦恼呢？自从开了修改器，整个游戏的优点立刻就显露出来。首先是画质，作为一款18年的游戏，它的画质依然能媲美当下的部分3A大作，完全可以让你在沉浸、体验、感受、徜徉中回到公元前5世纪的爱情海。再说剧情，如果有一款游戏能让你亲自回到温泉关战役，参与伯罗奔尼撒战争的导火索，观看伯里克利的演说，目睹雅典城全民恐慌的大瘟疫，那它一定是奥德赛，历史的游乐场一如既往（前提是你能够抛开它罐头的任务去看它，这大概会用到修改器）。最后聊一聊整款游戏的点睛之笔，如果仅仅玩完奥德赛本体和“第一把袖箭的传承”DLC的话，这大概只是育碧推出的一款中规中矩的平庸之作，更没有那样多的人在推荐神话三部曲的时候会首推这一部。然而，“亚特兰蒂斯”DLC为这部古老爱情海的奥德赛史诗带来了结构上质的飞跃。同时它让我们真正亲眼见到了米诺陶诺斯、斯芬克斯、美杜莎、独眼巨人、等神话生物的模样，亲耳听到了冥后珀耳塞福涅、冥王黑帝斯、海神波塞冬的声音。我们在极乐世界发动叛乱，在冥界与故友重逢，在波塞冬的主殿上目睹伊述人的恐慌与辉煌的亚特兰蒂斯文明沉入大海。一切故事都在亚特兰蒂斯的最后被串联起来，形成了一张紧密联系，层层传导，命中注定的故事网。可以说，奥德赛的亚特兰蒂斯让整个刺客信条系列的世界观得到升华。 在此，我要郑重感谢育碧奥德赛制作组的用心，和风灵月影宗门在疲惫或困难时刻给予我的动力与勇气。
99,"Honestly, If you like Open World games and like Greek Myths and Legends then this is a great game. If you don't then trust me, this is still a great game. Play it and experience the story, combat and NPCs yourself, don't let bad reviews affect your decision too soon. Would recommend! (100% was a tiny bit bloated tho.)"
100,"[h1]Assassin’s Creed Odyssey — реально довга подорож, але воно того варте.[/h1]  Це вже моє друге проходження Odyssey. Перше проходження було в Uplay. Цього разу — у Steam. Граю за Касандру, бо за Алексіоса вже проходив. І от що цікаво: вибір персонажа тут реально впливає на сюжет. Є місії, де відчувається, що краще б був Алексіос, а десь Касандра виглядає ідеально. Але є й такі, де різниці взагалі немає — хто б не був головним героєм, суть подій не змінюється.  [b]Хоч гра і називається Assassin’s Creed, вона не про асасинів. До заснування Братства ще приблизно 400 років, тому не варто чекати прихованих клинків. Odyssey більше розповідає про Ісу — тих, хто були до людей, а точніше, про напівлюдей-напів Ісу. За ними полює Культ Космосу, який у майбутньому стане Орденом Древніх, а ще пізніше — Тамплієрами. [/b]  Гра розкриває глибинний шар лору всесвіту, показуючи витоки того, що ми звикли бачити в серії. [b]Спочатку мені здавалось, що Одиссея — це про магію. Але потім я збагнув: що, якщо артефакти — це не магія, а ілюзія?  [/b]Ілюзія, створена Частинкою Едему, щоб впливати на свідомість людей. Тож виходить, що багато з того, що ми бачимо, — не реальність, а спотворене сприйняття.  [b]«Спарта чи Афіни?» [/b]— питання, яке звучить не раз. Хоч головна героїня родом зі Спарти, вона не спартанка, а містія — найманка, вільна робити, що заманеться. Можна вбивати і спартанців, і афінян — гра не засуджує.  Але тут усе тримається на виборі. Деякі рішення змінюють лише репліку, а інші — хід усієї історії. Odyssey постійно змушує обирати: кого врятувати, кого зрадити, за кого воювати.   [b] Світ, який живе без тебе. [/b]  Карта поділена на регіони, що перебувають під владою Афін або Спарти. Якщо ви почнете палити склади, вбивати солдатів чи намісників, регіон дестабілізується, і почнеться битва за територію. У цей момент можна приєднатися до однієї зі сторін або не втручатися — тоді результат визначить гра. Такої масштабної кількості NPC, які реально воюють між собою, я, мабуть, не бачив у жодній частині. Атмосфера хаосу і війни тут відчувається на повну.  [b]Бій[/b] — між епіком і цифрами  Бойова система в Odyssey — це епічність на мечах. Брутальна, видовищна й насичена прекрасною хореографією. Кожен удар відчувається, а добивання виглядають як сцени з фільму. Але… це все ж RPG, тому ваш рівень і спорядження вирішують багато. Ви можете битися з ворогами вищого рівня, але тоді бої затягнуться, а будь-яка помилка — смерть. Це додає напруги, але водночас може швидко набриднути. Зброї тут море: мечі, кинджали, списи, топори, булави, посохи. Кожен тип зброї має свій ритм. Особисто я віддаю перевагу мечам і кинджалам — швидко, точно, видовищно. А от броні в грі стільки, що я таку кількість бачив, напевно, тільки в Assassin’s Creed Unity. Кожен набір має унікальний вигляд і бонуси, тому можна легко створити власний стиль — від спартанського воїна до темного мисливця з Тіні.  У грі нема прихованого клинка, тому в стелсі ви всіх будете вбивати зламаним списом Леоніда. Анімації вбивств — просто неймовірні. Проте, щоб реально грати в скраданні, треба прокачувати гілку стелсу. Без цього приховані атаки часто не вбивають з першого разу, і тоді уникнути відкритого бою не вийде.  Графіка — світ, де хочеться просто стояти й дивитися  Графіка в Odyssey — приголомшлива. Греція тут просто неймовірна: гори, поля, ліси, море — усе живе, соковите й дихає. Надзвичайно приємно спостерігати світанки й заходи сонця, які виглядають, наче в житі тільки ще гарніше.  Окремо хочу відмітити анімації облич. Я чув, що дехто жалівся на них, але це повна маячня — люди в грі виглядають живими, їхні реакції і міміка передають емоції дуже природно. Assassin’s Creed Odyssey часто отримує хейт від «олдів», які чекають старої формули серії — прихованих клинків, таємних братств і змов. [b] Але як на мене, більшість просто не зрозуміли посил цієї гри. Так, це не «класичні асасини». Але саме Одиссея дає відповіді на запитання, які серія довго залишала у тіні: — куди зникли артефакти Ісу, — хто такі люди з «шостим чуттям» на кшталт Дезмонда.[/b]  [h3]Це історія про витоки боротьби за свободу, яка почалась задовго до появи асасинів. Тоді ці бійці ще не мали єдності, не мали символу — але вже стояли на тому самому шляху. І саме тому Assassin’s Creed Odyssey — не просто гра. Це хроніка тих, хто боровся, перш ніж світ дізнався слово «асасин». [/h3]"
101,"This is the best AC in the franchise in my opinion, it doesn't get much better than this. If you want to jump into Assassin's Creed for the first time absolutely buy this over Shadows as that game is a terrible representation of the AC series."
102,"I genuinely like the map in this game. It’s a big ahh map with a lot of beautiful views and places to explore, and sailing between islands never really gets old… just kidding, it actually gets boring after a while. Thankfully there are a lot of ports around the map you can fast travel to, so you don’t have to sail from one corner to the other every time.  I don’t really mind the RPG system. It’s not amazing, but it’s fine and doesn’t ruin the game for me.  The story was good, not great, but I still enjoyed playing through the main storyline.  Overall, it’s a fun game if you like big open worlds and exploring ancient Greece. If that sounds like your thing, you should give it a shot"
103,"As an Assasisn's Creed game, well it doesn't play like one but that's okay. Why? This one is different enough to stand as it's own title and game outside of the AC franchise.  But as a ancient greece Witcher clone? Nah, It's amazing even as an action RPG on its own it holds up really well. Exploring ancient Greece is such a treat and it's highly detailed both graphicly and content wise. The world is full of beautiful locales that capture the essance and beauty of ancient Greece perfectly. I can't count all the times i giggled in excitement when i visited iconic Greek locales and climbed the statues of the gods. What adds to the immersion is all the NPCs speaking greek fluently. The devs really did their research on ancient greece and it shows. No detail is left untouched and as a greek, huge HUGE props to the Devs. The OST is excellent and sounds as Greek as it should be which i adore.  Combat wise, it plays like every other modern AC game but much more polished. It can be a little floaty sometimes but slashing enemies still feels nice. Pulling off the Assasinsations espacially can be very satisfying. And the new extra abilities are really fun to use and are equally satisfying to pull of. The build customisation is really solid too and allows for a lot of cool possibilities both in looks and making as powerful as possible only adding to the power fantasy. Unlocking all the upgrades/abilities can be a real grindfest but this should come expected with these kind of games.  And, to add to the praise may I add how amazingly fluent Kassandra's greek accent is? Espacially when she says the word ""Malakas"" I can't count all the times i was entertained by just hearing the word being said. Props to the VA. Can't say the same for Alexios, because it sounds like his VA had marbles in his mouth while recording his lines and it ends up sounding really awkward.  Overall, if you jump into this game with the mindset that you are playing a Ancient Greek Witcher style action RPG then you are in for a wonderful time. But if you are looking for a AC game literally play any of the older game because this is as modern as an AC game can get."
104,"Assassin’s Creed Odyssey es un juegazo, un videojuego espectacular, pero un Assassin’s Creed malísimo.  Como juego está espectacular. Si te gustó Origins, este también te va a gustar: es más de lo mismo y tiene los mismos aciertos y los mismos defectos, como el sistema de loot, que hace que cambies de equipo cada diez minutos; los numeritos de daño; o el sistema de niveles, que bloquea las regiones de forma indirecta. Pero si el anterior te divirtió, este también lo va a hacer.  Su combate está bastante bien y el sigilo es totalmente factible, siempre que los enemigos estén a tu nivel o, como mucho, uno por encima. En otras palabras, es como Origins, pero con más de todo. Si tuviera que destacar algo, serían los jefes finales, que me parecieron un poco mejores que los del juego anterior.  Sin embargo, su peor punto es el hecho de llamarse Assassin’s Creed. A diferencia de Origins, que también era un RPG pero cuya historia al menos acompañaba y justificaba pertenecer a la saga, aquí eso prácticamente no sucede. No es que la historia sea mala; tampoco es espectacular, pero cumple. El problema es que, salvo por algunos guiños, apenas se siente que transcurre en el mismo universo. Si el juego se llamara simplemente Odyssey, sería mucho más fiel al producto final.  Aun así, sigue siendo un juegazo y es más que recomendable."
105,"Depois de quase 200h e com platina concluída posso recomendar AC Odyssey a quem gosta de um rpg de mundo aberto. O Odyssey diferente dos outros jogos da serie não aborda muito a questão dos templários e dos assassinos (já que se passa antes da criação de ambos), mas ao que jogo se propõe a contar, a história tem um começo, meio e um fim bem construído. No quesito gameplay caso você não esteja acostumado com a mecânica RPG do jogo pode estranhar um pouco, mas nada muito complexo. As missões secundarias são um pouco repetitivas já que boa parte é só ir em algum lugar pegar algo ou m4tar alguém, mas outras são bem interessantes quando ela envolve algum personagem que seja um pouco importante ou muito importante para trama. Uma das partes que mais gostei no jogo é os personagens únicos como o Sócrates e muitos outros filósofos importantes e também os participantes do Culto que cada um tem sua história própria (algumas mais profundas que outras). No quesito das conquistas tem seu nível de dificuldade, mas nada de impossível e a que mais vai demorar vai ser a de exploração. Mas no geral é um jogo que vale muito a pena comprar, mas não no preço cheio. Vale a pena esperar um promoção (sempre fica) e pegar logo as 2 dlcs ."
106,Como juego ambientado en la antigua Grecia es un solido 9 como assassins creed es un 7 en mi opinion
107,"Ubisoft's open-world masterpiece...it's all downhill from here folks!  First, let me say that as a huge ancient history nerd, and a CS grad who may as well have minored in classical studies while I was there, this game goes above and beyond delivering everything I could hope for in a recreation of Classical Greece aka Hellas during the Peloponnesian War: You get to run around the ancient temples and monuments, roam the forums and alleys, climb all the acroplises, wine and dine with Socrates and Alkibiades, sail the seas with the father of history at your side, help the father of medicine here and there, watch the father of democracy struggle to keep Athens together, hunt the minotaur and several cyclops and many other mythological creatures, and of course, play a pivotal role in the outcome of one of history's most epic wars.  Main Strengths: 1- masterful open-world/recreation of ancient Greece 2- quest abundance: great mix of assassinating, hunting, fetching, puzzle solving, tomb plundering, deep sea diving, etc. 3- deep skill trees & armor/weapons system  Main Weaknesses: 1- combat: not as fluid or fun as in Origins or other comparable games, but not terrible either 2- sheer size: there is SO much to do that it can be overwhelming, especially if you are the type to try and 100% it 3- forced level scaling: not a huge deal imo, but never welcome either  Story: Good overall story, though a bit fragmented in the way it is presented - especially if you are coming into it with all of the DLC, years later, etc. Kind of reminds me of Skyrim in how the main story sort of seems like another side questline (just with a bit more in terms of staged moments and cut-scenes) by the time you get around to finishing it.  DLC: Absolute top-notch DLC, in my opinion - the best set of DLC for a game I can think of outside of maybe Borderlands 2.  Legacy of the First Blade: Perfect post-game dlc, adds a great set of main quests that give a personal touch to Kassandra's (the only choice, let's be real) story. Feels more like a traditional AC dlc with a focus on assassinations and hunting down the specific Order of the Ancients members, while doing a good job of connecting back to the areas of Greece you are in.  Fate of Atlantis: Where to even start here - Elysium with its idealistic fields and towering cliff-side temples, a brooding, lava spewing romp through the Underworld, and then a stint as the Dikastes of Atlantis itself...hard to think of a better way to finish off a tour through the classical Greek world! All three have pretty solid stories and side quests, with a ton of great characters and gods to meet/interact with, as well as great items and epic scenery all throughout.  Origins Comp: Origins is an amazing title as well - worthy of 10/10 in its own right, with a stronger story and arguably better gameplay mechanics than Odyssey. But in my opinion, the latter more than makes up for this with its variation - solid naval combat, deeper skill trees, and greater quest variety, and a better overall open-world (Roman-era Egypt is great too though)."
108,"Durante o meu ensino médio, a minha professora de sociologia e filosofia sempre citava o jogo quando o tópico da aula era filosofia e democracia grega. De acordo com ela, era o melhor jogo que ela já havia jogado na vida. Por muito tempo, não acreditei nas palavras dela pois tinha um pouco de preconceito com Assassin's Creed, mesmo sem nunca ter jogado algum jogo da franquia. Até que, após o meu aniversário, tive a oportunidade de escolher um jogo custando até 100 reais para ganhar de presente. Na época, muitos jogos estavam em promoção, incluindo o Assassin's Creed Odyssey. Lembrando da minha professora, resolvi comprar. E olha... Não me arrependi. O jogo é um pouco pesado para o meu notebook, e preciso jogar com os gráficos na qualidade mais baixa o possível, mas mesmo assim, os gráficos são incríveis! A gameplay é muito boa e viciante, tendo um equilíbrio perfeito entre RPG, ação e a própria história do jogo, ao ponto de que tudo, no final, vai se interligar. Sem contar que os desenvolvedores tiveram um cuidado de estudar afundo a história grega em todos os aspectos. Quem é nerd de história, garanto que vai se encantar com a narrativa e os detalhes explorados na gameplay. Além disso, o jogo conta com uma representatividade inesperada, e eu, enquanto uma mulher lésbica, me senti muito confortável e feliz com o que foi apresentado.  Perdi horas dos meus dias jogando, e ainda nem cheguei perto de completar 100% de algum save. O jogo tem muita coisa para fazer, tanto de exploração, quanto de missões da história principal e missões secundárias.  Tendo tudo isso em vista, hoje posso dizer: A minha professora tinha razão. É um dos melhores jogos que já joguei na minha vida."
109,"Pontos negativos: Tem muita coisa reutilizada do Origins e é como se você estivesse jogando o mesmo jogo em alguns aspectos. Os cavalos são os mesmos, a ambientação é quase a mesma, até porque os Gregos tinham muita influência na época em que o Origins se passa e esse é como se fosse uma expansão disso. As cidades, só algumas são interessantes de se explorar, porque a maioria é muito parecida. Não achei a fauna do jogo tão boa quanto a do Origins. O Origins tem bastante diversidade de animais e eles andam bastante pela mata, deixando tudo bem mais vivo que esse. Nesse você encontra apenas javalis, lobos e ursos. A câmera desse jogo é um lixo! A câmera é muito longe e, mesmo você mexendo no FOV, ela continua esquisita. Não é como os outros AC que é uma câmera bem próxima ao personagem, dando uma imersão maior, ela é distante e parece um MMORPG. Não gostei! Esse game tem um problema de textura nas cutscenes. Quando seu personagem aparece em uma cutscene de diálogo, as roupas dele baixam a qualidade de textura, mas quando a câmera volta para ele, você vê rapidamente que a textura estava normal enquanto a câmera estava no outro NPC e quando ela volta para você, a textura diminui. Isso era para ser ao contrário, quando a câmera foca em você, a textura aumenta e quando ela sai, a textura diminui para economizar. Ele faz errado kkkkk. Não é um problema muito grande, mas você vai perceber. Esse jogo demora muito para iniciar, muito mesmo. Vi em alguns fóruns que dizem ser mais comum em quem usa processador da décima primeira ou décima terceira geração. O meu é um i5-12400F.  Pontos positivos: Fizeram um fan service que não faz sentido para mim, é que eles usam bastante a música Ezio's Family. Que é a clássica música tema do AC2. É uma boa música e todo mundo ama ela, mas não faz sentido ela estar aqui e tocar toda hora no menu e na intro do game. A navegação de navio é muito legal, bastante parecida com Black Flag. Gostei muito da Kassandra, mulher bonita, dubladora com a voz linda e… mulherão da porra! As sidequests são muito boas e têm umas bastante engraçadas, não são missões de vá em ponto A ao ponto B. Eles têm uma história boa e muitas delas engraçadas. E, por último, você entra em uma suruba que tem até um bode kkkkkkkk.  Aprendi que, se você quiser entrar na Saga AC Rpg, não precisa jogar do primeiro ao último para saber a história, escolha o que te agradar mais. Eles são bem parecidos, na minha opinião, o que muda é a temática."
110,"AC Odyssey and Origin are actually sick for recreate stunning historic attractions. I took me 44 hours to defeat every cultists and the DLC on normal mode. Some hidden cultist can actually met on a specific location. I recommend better to search the relevant quests/ clues first before looking after them. Some side quests are actually can lead to extra 4-5 quests which is pretty time consuming. Otherwise, for those who loves to explore the ancient Greeks, this game is a perfect choice."
111,"This game reminds me of Skyrim with how replay-able it is. I spent probably over a thousand hours on console in this game and I knew this had to be one of the first games I added to my collection when I made the swap to PC. I will forever love this game and include it in my top 5. Amazing combat system, boss design, story, etc. Just a great game in general, I highly recommend buying the DLC's as well. This game has a very large open world map with tons of mythical creatures to fight and all sorts of weapon and armor combinations to try out, really allowing you to fully customize your playstyle. You get a ship to upgrade and even a whole entire arena system to fight your way to the top in. 10 out of 10"
112,"Nachdem ich nun fast 500h ingame verbracht habe, kann ich ohne Übertreibung behaupten, dass es für mich das beste Spiel, neben The Witcher 3 ist. Kein anderes Spiel konnte mich so lange fesseln und mich dazu bewegen es mehrere Male komplett durchzuspielen.  Auch das Altlantis Add-On ist hervorragend gelungen. Die Geschichte mit den ISU hat etwas mystisches und doch wirkt es irgendwie vertraut. ""Das Vermächtnis der ersten Klinge -DLC"" ist zwar gut ausgestaltet, aber die Story ist hart und traurig. Den euphorischen Höhenflug des Atlantis DLC, kann man hier nicht empfinden...es kehrt eher stark die Schattenseite von Kassandra/Alexios Leben hervor. Es ist sehr schade, dass es keine weiteren DLCs gibt, denn die weiteren Assassin's Teile wirken auf mich sehr weit entfernt von der Mystik die Odyssey oder Origins geboten haben. Odyssey verdient eine absolute Kaufempfehlung!"
113,"its not really an assasins creed game, but its pretty good game overall i rate 9/10"
114,อย่างเหี้ย จะเข้าเกมให้ล็อค Ubisoft Account เราไม่มีก็เลยสมัครใหม่ พอสมัครใหม่มันบอกไอดีของคุณถูกล็อคเนื่องจากมีความเสี่ยงเนื่องจากมีการล็อคอินไม่ปกติ กุเพิ่งสร้างเมื่อกี้ฮัลโหล สรุปเล่นไม่ได้ติดหน้าล็อคอิน แถมเวลาที่เราค้างหน้าล็อคอินอยู่แม่งนับเป็นชั่วโมงเล่นเกมด้วย ขืนมัวหาวิธีแก้มันกุคงเกินโควต้ารีฟัน เสียเงินฟรีกับปัญหาที่ฝรั่งหลายคนแม่งก็เจอ กุรีฟันล่ะ บาย
115,É um dos melhores jogos que já joguei. Só é uma pena ele ser da Ubisoft que trata seus jogos pior que lixo. É um nojo ter que abrir o uplay (que é todo bugado) para jogar um jogo singleplayer offline. Uplay tem opção de salvar login e senha mas nunca salve e precisa ficar colocando toda hora.
116,"In over 25 years of gaming, Odyssey is in my top 5 favorite games ever.  I loved it.  Perfect blend of action/adventure with RPG elements.  All aspects of the game are super high quality: the writing, dialog, action, artwork, animation, cutscenes, and UI.  It's very immersing and included many memorable emotional scenes.  The map is immense.  The volume of quests is immense, and most of the Gold-bordered side quests are worth doing.  The main story quests are fun and do have some meaningful choices.  In addition to main and side quests, there are several other features to keep you busy, including a huge tree of Cultists to discover and defeat, tons of challenging unique enemy Mercenaries to defeat (I defeated almost 200), and simple romance options (nothing more than one night stands though :)).  Crafting is done at a blacksmith, super easy and effective.  Inventory management is minimal, way easier than any Bethesda game.    The skill tree is cool, being separated into Hunter, Warrior, and Assassin abilities, with melee and ranged wheels to set up hotkeys during combat.  It's also great that you can re-spec at any time for a nominal cost, which lets you experiment and later discard skills that don't fit your playstyle.  After finishing the main story and the Cultists side story, the ending epilogue questline called A Great Escape was a perfect finisher.  It tied up a couple of the main friendships formed during the game, and was an adventure in and of itself.  A great lead-in to the final credits (and don't miss the Marvel-like post-credit scene!). "
117,打完起源来打这个发现地图是真的大，重复的东西是真的多，还好没有要求全清问号的成就不然我肯定啃不完这块罐头。优点还是挺多的，两个主角都很帅很美，装备外形搭配多种多样满足我这个颜控，武器类别有好几种，打击感都不错。但是缺点也明显，主线剧情后面草草收尾，袖剑dlc剧情更难评，亚特兰蒂斯dlc还可以，比较惊艳；可以推的npc是挺多的但是都是419顶多能上个船不得了了，没有一点恋爱的感觉，虽然在一款战斗游戏里恋爱并不重要；升级铭文和装备所需的资源也太多了，让我怀疑不叮真的有人能够肝到那么多钱来升级吗
118,请一定要加个地图传送的模组，加了虽然会损害游戏寿命，但不加损害的就是我的寿命了，当初玩原神一天能连续玩十个小时以上，我的肝都没有这么疼过
119,"Наиграв 116 часов, скорее рекомендую, чем нет эту игру к прохождению, однако с некоторыми оговорками. Очень люблю раннюю серию игр Assassin's Creed и прекрасно понимаю, что разработчики просто попытались соответствовать новым веяньям в игровой индустрии, а поэтому внесли изменения в последующие игры этой серии. Начну с плюсов. Игра очень красива, все пейзажи Греции завораживают, что делает синхронизация на вышках сплошным удовольствием для глаз. Появилось разложистое древо прокачки, дающее возможность выбрать, то ли ваш персонаж будет скрытным убийцей, то ли отважным воином, кидающимся в самое пекло. Но по факту, ТАКОГО количество прокачки вам не пригодится, так как это обычно бывает, поставишь себе на клавишу быстрого доступа 4 приема и спамишь ними по очереди во всех мобов. Есть возможность собрать сет брони, который вам по нраву. Морские бои чуточку интереснее, чем в Египте, но все же далеки от уровня Black Flag. Попытки вести бои скрытно, чаще всего приводят к открытому бою, потому что не всегда понимаешь, что противник подходящего уровня, чтобы скрытно его ликвидироват. В противном случае вся толпа даже мирных жителей идет помахаться с неудачником-стелсером. Присутствует система репутации, которая добавляет хлопот в виде наемников, которые сталкерят ассасина повсюду. Однако, для любителей помахаться, коим я являюсь, всегда можно найти веселье. Что же касается минусов, порой безэмоциональная озвучка, безразличный, а местами и больше глуповатый главный герой и больше скучные, просто для затягивания контента, чем увлекающие квесты. Игра так же очень навязывает прокачку, создавая на пути героя зоны, куда не стоит соваться, пока ты не будешь соответствовать уровню противника. В итоге, основную сюжетную линию я прошла, а вот идти дальше и сокращать популяцию культистов желание пропало, как и интерес к самой игре. Так что заняться в ней, конечно есть чем, но без особого азарта и по большей степени чисто на автомате."
120,"（长篇大论抨击奥德赛）在玩奥德赛之前，我已经通关了四部刺客信条，2、4、大革命和起源，不管是老刺客、转型刺客，还是神话三部曲刺客基本上都体验了一遍，但奥德赛第一次让我感到育碧的恶心之处，通关整个剧情后感觉很累很没有惊喜感。接下来列举几个我觉得难以接受的设定。 第一，游戏的佣兵系统可以称之为稀烂。因为你会发现，不管是清堡垒据点时因为无法致命刺杀而被迫卷入战斗，或是当你在一个地点刚做完某个任务准备离开，再或者是当你传送到一个特别偏远的岛上准备探索地图，你无时无刻不会看到一个头上顶着红色斯巴达头盔标志的蛔虫出现在你的视野里。你无法摆脱他，即使通过支付巨额赏金让他停止跟踪你，只要你继续清据点，他就继续跟踪你。当你在堡垒中被发现妄图用重型利器+狂袭攻击一下砍四个敌人时，你会发现根本砍不完，因为你越杀赏金越多，就有越来越多的佣兵蜂拥而上。 第二，恶心的rpg系统被继续继承。除了超级严苛的等级限制外，上面提到的无法致命刺杀也是个大问题。这完全背离了""刺客""隐匿于人群的初衷，狂战士信条的称号名不虚传。 第三，（剧透）粗制滥造的剧情在奥德赛中更加发扬光大。如果把刺客信条系列一贯的以真实历史所包裹的壳子去掉，剧情更是毫无圈点之处。且不说支线故事中各种无聊的对话强行塞入，光是主线剧情就值得一喷。所谓以找亲戚（包括但不限于找母亲、找父亲、找儿子、找女儿）作为主线的游戏，少说已经玩了好几部，基本没有几部剧情是精彩的，无非就是一个favor换另一个favor，这导致我对深入了解剧情毫无欲望，甚至剧情中把谁写死了我是根本不会在意。主线剧情的结尾更是让人难绷，没有大团圆的欢乐，没有片尾，没有制作人员名单，什么都没有，颇有些不知所云的感觉。最让我彻底失望的还是第一把袖剑的传承dlc，卡姐生孩子的设定我竟然可以接受，但孩子他爸非要牺牲，故事才完美吗？很多开发商似乎认为没有死亡的剧情就是不完整的。 第四，更大更广阔的地图与更无聊的风景。大地图是我这种喜欢开放世界的玩家特别钟爱的，但无聊和模式化的风景却会消磨我对大世界探索的热情。甚至从这一视角来看，奥德赛不如起源。起源的金字塔与狮身人面像，以及各种古埃及建筑奇观一下子就把我迷住了，而奥德赛世界的风景却没什么让人值得注意的地方，且大量的素材复用更是让我后期游玩过程更加无趣。 第五，奥德赛正式发行的2018年也算是游戏大年，就免不了与其他游戏相互比较，更何况我在前一段时间同时推进《刺客信条：奥德赛》与《荒野大镖客：救赎2》，与大表哥相比，奥德赛的赶工程度就尤为明显。其实不苛求一年一部的刺客信条能够做到大表哥这个技术水平，但至少不能差距太大。我想着重提到的两点，一是站桩对话的问题。站桩对话+神话故事，剧情表现力基本为0，让我只想快速跳过。二是糟糕的骑马手感。在吹哨呼唤马匹之后，为什么它总是先在我旁边转一圈，让我跟着它跑？是在跟我做游戏吗？不太理解。 总之一句话，如果打算入坑刺客信条，奥德赛可以暂时不用考虑；想成为罐头仙人，奥德赛也更推荐放在后期再玩，以免过早感到恶心。"
121,"Oynarken en keyif aldığım AC oyunu olabilir. Ana hikayesi güzel, oyunun başında hikayeyi benimsemenizi sağlıyorlar ve siz içine girdikçe akıp gidiyor. Antik yunan dönemini çok güzel yansıtmışlar, manzaralar efsane, tarihi yunan filozofları ile konuşmak onlardan görev almak zevkli. Karakterimiz Kassandra oynarken bağ kurabildiğimiz bir karakter özellikle DLC'leri aldıysanız atlantis bölümlerinde hikayesi daha da derinleşiyor. Atlantis DLC'sini oynarken resmen büyülendim bu oyunun en güzel kısmı da bu olabilir antik yunan dönemi, atlantis, mitolojik karakterler olsun bunların içinde olmanızı ve yaşamanızı sağlıyorlar. Boss savaşları çok keyifliydi genel olarak savaşmak çok keyifliydi. Oyundaki skilleri çok beğendim savaşırken ekstra eğlendiriyor. Kendimizden yüksek seviye bir rakibe suikast yaparak tekte öldürememek bu oyundaki en büyük eksiklik olabilir çokça kez gizli ilerlemek istesemde bu yüzden savaşa girmek zorunda kaldım. Ana hikaye dışında oyunda ek hikaye görevleri var onlar da çok eğlenceliydi. Gemi savaşları, atina ve sparta arasında saf tutup savaşabilmek de güzeldi. Dopdolu bir oyun Odyssey kesinlikle tavsiye ederim."
122,"Es un juegazo...  - Gráficos magníficos - Un vasto mundo abierto - Jugabilidad fluida y efectiva - La representación definitiva de la antigua Grecia, en todo su esplendor, magnificencia y excesos... - Los diversos arcos narrativos - El carisma de Kassandra  - Los elementos de RPG están bien desarrollados - La integración de numerosos elementos místicos... - ...¡Además de muchos elementos tomados de la mitología! - Varios personajes y héroes míticos: el Minotauro, Sócrates, Hipócrates, Platón, la Gorgona, etc. - Inmenso tiempo de juego  - Numerosas misiones secundarias - Banda sonora muy agradable  - Los sistemas de seguidores, mercenarios y líderes - Alta rejugabilidad - La grandeza de las batallas navales - El sistema de elección que añade dinamismo al juego  Con Assassin's Creed Odyssey, se logra llevar el concepto de la saga, a su máximo esplendor. Increíblemente extensa y con una riqueza inigualable para la franquicia. La propuesta de Odyssey no deja de tener sus méritos, sobre todo gracias a sus opciones de diálogo que alteran profundamente la narrativa, el nuevo modo Exploración que potencia el rol y el regreso de la navegación en alta mar.  Aun así, el título sigue siendo un logro rotundo en términos de diseño, entornos y una jugabilidad cautivadora; esta última solo se ve perjudicada por algunos pequeños fallos. Su increíble recreación de la Antigua Grecia es algo que disfruté visitar. En cuanto a sus excelentes sistemas de juego, forman un conjunto cohesionado que será difícil de igualar. Si bien no está exenta de defectos, esta entrega eleva la saga y, sin duda, merece un lugar sobre los mejores juegos de rol de mundo abierto.  Assassin's Creed Odyssey se siente un tanto atrapado entre su pasado de juego de acción y su futuro más orientado al rol. De hecho, algunas decisiones pueden pueden parecer faltas de audacia, y los elementos de rol podrían estar más desarrollados. Aun así, Odyssey sigue siendo un juego sublime, una auténtica aventura que fusiona historia y narrativa. Su duración lo convierte en una inversión que vale la pena."
123,"Bought the game two days ago and still cant play it because Ubisoft wont let me create an account. Yea man, i think its a good system to not let me play a game if im not connected to a stupid account."
124,Estou a 170 horas apenas passando a mão na grama. Passar a mão na grama é uma das melhores sensações dos games modernos.
125,"Galera por mim esse é um dos melhores AC que temos depois da estética dar uma mudada e apelar mais para os sistemas RPG. Se você gosta de explorar diversas áreas em procura de itens melhores, recomendo muito, temos como personalizar nosso barco, entalhar armaduras e armas e muito mais coisas, temos diversas missões que podemos fazer (secundária) mas a história tbm não deixa a desejar. Em cada lugar que tenha como ir é uma experiência, o mais incrível na minha opinião são as paisagens que mesmo algumas sendo repetidas continuam sendo muito lindas, junto com o mar que tbm é possível explorar navios naufragados e afundados, cavernas com entradas por debaixo da água. Tudo isso deixa o jogo muito bacana. Se vc tiver com tempo recomendo dar uma chance. já fiz 100% do game em outra plataforma e estou refazendo novamente na steam, tmj sempre e uma abraço!"
126,"♥♥♥♥♥♥♥♥, I've never had this many issues getting a game to run. Ubisoft connect is hot ass"
127,"Como o próprio nome sugere, Odyssey é um jogo gigantesco, do tipo em que você pode se dedicar algumas dezenas de horas e ainda vai ter um número impressionante de tarefas antes dos créditos rolarem. A Grécia Antiga é um lugar muito atraente para explorar e esse jogo não deixa nada a desejar em questão de gráficos, jogabilidade e história."
128,罐头游戏，玩法稀碎，刺杀一下死不了可还行，但是画面好看，打折推荐
129,"Sim, Essa foi a maior das imersões que tive no mundo dos games!!  Pois sou apaixonado pela mitologia Grega, esse game me proporcionou momentos de alegria, emoção,   euforia, tristeza ódio muiiiito ódio!!!  com sua má otimização na época em que joguei, hoje ele roda perfeito.  Me proporcionou muiiiiiiita diversão pois o combate é insano, as batalhas navais são incríveis a ponto de   você não querer fazer mais nada além de recrutar mercenários para o seu navio (Adrastéia)   Esse é o assassin's é o mais RPG de todos, seja minucioso ao montar sua build!  Mapa gigantesco, com 1 milhão de coisas pra fazer, jogue sem pressa aprecie as paisagens com o icarus  jogue as DLCS, você tem o dever de contenplá-las  A interação com personagens  históricos no game como Alcebiades,Sócrates,Péricles ,Leonidas,Pitágoras e Heródoto foi impar demais!!!!   Pra você que não curte Assassin's mas  gosta ou ama  mitologia grega como eu, é simples......  Esquece que é Assassin's e Vai.... só Vai!!  Desejo que a sua Odisséia seja como foi a minha!   Maláka!!!!!"
130,"[url=https://store.steampowered.com/app/582160/Assassins_Creed_Origins/] Assassin's Creed® Origins [/url] had in my opinion a better story, environment and gameplay experience but Odyssey is almost as good and still a fun entry in the franchise. it gets pretty repetative fast, but works good as [i]gaming junk food[/i] if you don't know what to play but just want to relax and kill time."
131,"Assassin’s Creed Odyssey - игра, которая могла бы быть неплохим фэнтезийным экшеном, если бы не одно «но»: её зачем-то назвали Assassin’s Creed.  От духа серии тут почти ничего не осталось. Ассасинов нет, скрытности нет, даже клинки заменили на копья и способности из какого-то древнегреческого Marvel. Вместо тихих убийств из тени - боевка в стиле “бей-круши”, где враги впитывают урон, как губки, а ты раздаёшь спецприёмы с анимациями, будто из MMORPG.  Сюжет старается быть глубоким, но теряется в потоке побочных заданий, однотипных лагерей и бесконечных километров пустоты. Вместо интриг между орденами и тайных заговоров - семейная драма с мистикой и кентаврами. К моменту, когда ты видишь очередного мифического зверя, про «Ассасинов» уже даже не вспоминаешь.  Мир, конечно, красивый - Греция сделана с любовью. Но она ощущается не живой, а картонной: NPC повторяются, квесты копируют друг друга, а каждое второе задание звучит как «убей, собери, принеси». Всё это превращает эпос в бесконечный гринд, где единственный стимул - апнуть уровень, чтобы не получать по лицу от врагов на следующей локации.  Диалоги с выбором будто добавили ради галочки: последствия редко ощущаются, а система «романов» выглядит нелепо и поверхностно. Даже главный герой - Кассандра или Алексиос - больше похож на наёмного супермена, чем на человека, скрывающегося в тени.  В итоге Odyssey - это не Assassin’s Creed, а просто красивая, но пустая RPG под брендом, который когда-то значил что-то другое. Ubisoft пыталась сделать «игру мечты» в духе Ведьмака, но получился гигантский мешок контента без души.  Хочешь приключений - поиграй пару часов ради пейзажей. Хочешь Assassin’s Creed - проходи мимо.  P.S. Ветка скрытных убийств в Одиссее номинальная - стелс там не работает как в классических частях: враги переживают удары клинком, а скрытность сводится к механике «подкрадись и бей». Про «зарождение Ордена» - в игре этого нет. Ни Братства, ни Ордена Древних. Есть Культ Космоса, который к ним напрямую не относится и служит просто злодейской фракцией без идеологии. Клинки? В базовой игре их нет вовсе, только мечи, копья и дубины. То, что кто-то когда-то держал похожее оружие, не делает Одиссею частью серии Assassin’s Creed - это просто RPG в античном сеттинге с логотипом ассасинов на обложке."
132,this game has everyting to make it THE BEST game. but somehow ubisoft finds a way to make the player experience become so boring long repeateble with the broken leveling system to make sure you play it the boring way. so what? so you can buy stuff for the single player experience. YES so you can buy stuff at the in game shop for a fckin single player game. OH MY GOD.
133,ubisoft connect daha iyi hale getirilse mesela vpn ile kullana bilsek veya su siktiğimin oyunlarına türkçe altyazı ekleseler çok daha iyi olur türkçe ekleyin artık şu oyunlara amk
134,你可以在帕特农神庙顶端一跃而下，可以徜徉在科林斯湾的碧海蓝天，可以和苏格拉底思辩，和希罗多德阔谈。 你可以说《奥德赛》任务重复、玩法单一，但我在这个游戏世界里驰骋时不止一次想起：这是游戏逐渐成为第九艺术的佐证，是当下文化传播、渗透的最好载体，是人们还原、领略历史的必由之路。 这也让我无比期待，华夏大地的厚重通过游戏的方式在人们眼前展开的一天。
135,"[h3] Прошел одиссею на 100% [/h3] Честно говоря в начале она мне очень понравилась, но на 100ч началась уже духота какая то и только длс про Атлантиду освежило эту игру. Вообще основную историю и 1ое длс можно скипать сразу, внимания достойны только интерактивные туры и Элизий, Тартар, Атлантида это самое интересное. Да в сюжетке уже нереальный прогресс для юбисофт в том что тут не просто месть а целый поиск своей семьи прям как в фолычах, малютки растут в сторителинге, такими темпами дойдут и до чего поинтересней. Я вообще не понимаю чего они за столько лет не найдут норм сценариста, длс ""наследие первого клинка"" это же просто пиzдец. А еще если за Кассандру играть  там с ней мутить будет какой то продавец арбузов с рынка, короче угар там полнейший в плохом смысле. Насчет геймплея так это вот типичный нейрослоп от йобасофт с миллионом блокпостов на греческих островах, с кучей знаков вопросов, с кучей греческих неgров, можно трахнуть вообще всех хоть деда хоть бабку( запишем в плюсы). Из за автолевеленга я вообще хз зачем сражаться ближним боем когда можно качать лук и в крысу критовать челов, скрытные убийства они тут есть да, но быстрее зачищать с луком.  Вот что тут реально затащило это открытый мир Древней Греции, тут моё почтение прям аxуенно, то ради чего вообще стоит играть. Видно что они старались сделать своего ведьмака, даже по структуре длс типа ""каменные сердца"" и ""кровь и вино"" только вот пройдя одиссею вы даже и не вспомните 90% что в ней вообще было, большинство диалогов пустые и не особо интересные так же как и задания, тут прям слабо оч. По скидке ради великолепно сделанного мира Древней Греции советую, оценка 8/10"
136,"A massive, beautiful RPG epic that fully embraces Greek mythology. Highly Recommended.    Ancient Greece has always fascinated me with its legends of heroes and gods, the beauty of grand temples, and its rich culture. For me, this game was an opportunity to travel back in time and experience that world on my own..one of the reasons I like the Assassin's Creed games so much.  I was impressed by the huge map, perhaps the largest I’ve experienced in a single player game, and the beauty of the landscapes. Visually the game is a masterpiece..i took many beautiful screenshots.The coastline views hit differently; some locations are incredibly detailed, from massive temples to unique biomes. However, there is the repetitive factor in activities like fort liberations, hunting animals, or exploring caves. Despite that, the bigger picture is saved by an excellent campaign//one of the longest I’ve ever played and one of the best in the series in terms of storytelling and quality.  https://steamcommunity.com/sharedfiles/filedetails/?id=3677305642  I picked Alexios for my first playthrough because I usually play as a male character. To my surprise, this goofy guy almost ruined the game for me. In many situations, I felt like I was controlling a complete idiot, and the voice acting was quite poor during emotional moments. I’m not sure how Kassandra feels, but she seems like the superior main character. It feels like the devs intended for her to be the canon choice, with Alexios better suited for the role of Deimos. Since choices have consequences, playing through a second time as Kassandra is definitely a possibility.  The shift to a true RPG is felt everywhere. It’s a complete revamp that started in Origins and was polished here into a true open-world RPG. This includes a branching story, multiple endings, romance, and dialogue options. The gear stats and engravings offer massive customization, alongside ability mapping and the way you can improve skills in the late game.  The gameplay was great with nice parkour ,smooth climbing and one of the best combat in the series. Combat felt smooth with deadly stealth assasination and great combos, my only problem was the sponge health of enemies later in the game and the stupid amount of annoying bounty hunters chasing you everywhere.   In terms of content, there is a lot worth doing. As a general rule: gold diamond icons with exclamation marks are the best handcrafted quests. Unfortunately, the MMO style side quests aren't worth the time, in my humble opinion. However, The Lost Tales of Greece (light blue icons) are great, free separate adventures so dont ignore those because thats quality content.  https://steamcommunity.com/sharedfiles/filedetails/?id=3714011718  The main story splits into 3 major parts   The Family Odyssey: Hunting for your parents and your sibling, Deimos, the champion of a secret society. This plot was great, and achieving a ""good"" ending was hard but rewarding. The Cult of Kosmos: Identifying and assassinating members of a secret organization orchestrating the war from the shadows. This offered the classic AC experience and felt great. The Secrets of Atlantis: Working with your biological father, Pythagoras to hunt down mythical creatures and seal the lost city of Atlantis using Isu artifacts.   With large dlcs and a sea of side content Odyssey is an open world rpg that rivals mmos in the amount of time you need to complete it.  It wasnt perfect but i enjoyed every second of it . It felt like a grand tour ,a journey that i will always remember.   In a nutshell what a great experience !I lost myself in a 200+ hour odyssey of gods and legends, and it was one of the most rewarding journeys I've had in modern gaming.  Its not every hardcore fan of the series cup of tea and i understand their reasons  but i bet for the most of us ..was great!   https://steamcommunity.com/sharedfiles/filedetails/?id=3685333932  Technical  No crashes or bugs.  RATING 9/10"
137,Game by itself is fantastic. It beats Origins in many goals. The only thing that i don't like is that mercenaries aka Bounty Hunters are infinite. So you can't kill them all 
138,"Nasci na Grécia num barraco com roupas de trapos e uns barras pesados querendo me pegar , apanharam xD, conheci filósofos importantes da história , fiz amizades , participei de guerras por território por dinheiros (dracmas), cacei até o último mascarado que desuniu a família! Enfrentarei criaturas mitológicas SINISTRAS ossos pra toda parte kk, viajei mar aberto com meu barco e tripulação que fiz pelo caminho! Vimos lugares exótico incluindo Atlântida! Cacei tesouros e libertei reféns , perdi amigos/família , fiquei cansado fui tirar férias numa ilha, passou - se tempos até me encontrarem e voltar na rotina Misthyos  10/10"
139,神话三部曲最好玩的一部，体量非常大。又臭又爱玩。是食之无味弃之可惜！
140,随橙想呢起源一点没玩下去奥德赛反耳让我爱上了，每天下班回来打到睡觉真的很快乐  好玩是真的好玩，也超级喜欢卡珊德拉，但剧情也是真的好烂，毫无逻辑性，所有角色说话都只说半截，完全没觉得解释了前因后果就莫名其妙开始走剧情（...)然后为了全成就还打了袖箭dlc，又吃了一口大史，完全不看对话疯狂跳过依旧打的我一肚子火，可恶啊，而且袖箭dlc和本体特别重复，两个[spoiler] 神教 [/spoiler]我是真没觉得有啥区别，真的有再打一遍的必要吗？气鼠  亚特兰蒂斯dlc剧情也挺一般的，不过有新地图，风景特别特别好看，还是值得一玩的  另外最后的度假任务，哇塞我感觉又是一口史，这破剧情玩的我又是一肚子火，行，算你厉害  哈，还有那破现代剧情，没想到吧还是史  随橙想呢我竟然是在推荐此游戏
141,"Less of a traditional stealth game, and more of an incredibly violent, breathtaking vacation to Ancient Greece.  If you are looking for the most visually stunning and vibrant game in the entire franchise, this is undeniably it. Assassin's Creed Odyssey throws away the drab, grey color palettes of older titles and replaces them with a breathtakingly gorgeous Mediterranean aesthetic. The water is a sparkling turquoise, the forests are lush and vibrant, and the towering statues of the gods look phenomenal against the sun-drenched landscapes. It is a visual masterpiece, and you will likely spend your first dozen hours just sailing your ship around the Aegean Sea to take screenshots of the unbelievable scenery.  What truly sets Odyssey apart from the rest of the series is how brilliantly it embraces Greek mythology. You aren't just a sneaky assassin hiding in haystacks; you are essentially a demigod. The game seamlessly blends historical settings—where you can casually debate philosophy with Sokrates—with epic, fantastical elements. Hunting down legendary mythical beasts like the Minotaur, Medusa, or a Cyclops feels incredibly rewarding and fits perfectly into the larger-than-life heroic fantasy the game is trying to sell.  You should know going in that this game is astronomically, unapologetically vast. The map is unimaginably huge, filled to the brim with quests, mercenaries to hunt, and islands to explore. While some might find that scale intimidating, if you love getting lost in a beautiful, rich world, it’s exactly what you want. It might stray far from the traditional Assassin's Creed roots, but as a grand, mythical, open-world RPG, it is an absolute triumph.  10/10 — 100 hours in, and I am still kicking people off cliffs just to yell ""This is Sparta!"""
142,"Потужна гра. Є мінуси, але їх мало. В цілому — фантастично виглядає, особливо геймплей та бойова система дуже класно зроблені.  Сюжет і побічні квести не можна назвати дуже поганими, але й не можна сказати, що вони файно і цікаво прописані. Це просто накидали що попало, що знайшли в книжках, і… заснули в цю гру. Але сюжет місцями цікавий, світ величезний і місцями дуже красивий — нереально круто зроблено. Ubisoft — це вміють.  Гра заслуговує, щоб її пройти. Це дуже довга подорож: я її почав проходити ще в 2022 році, перше збереження тоді було , і лише через три роки я її нарешті пройшов. Чудова гра, всім раджу!  Самий жирний мінус — відсутність української мови.  А так — 8/10, моя особиста оцінка."
143,"greek tales and mythology are peak. this is the best open world assassins creed game, but to be fair- that doesn't say too much. i'd like to note that i've only ever played assassin's creed 3, 4 black flag, origins and odyssey. i have tried mirage but only a short demo. i enjoyed naval combat and a number of skills that were available and the mercenary system which reminds me of middle earth's nemesis system quite a bit. as usual, great art style, performance- but the story lacks quite a bit to me. stealth and parkour feels ass, which is what people seek for in an assassin's creed game usually. 7.8/10"
144,适合找不到事做也不想思考的人来玩，无脑刷刷通马桶就行了，而且马桶数量大管饱，通完这部还有其他系列等着，直接爽通
145,"Fun game, played for 108 hours to finish the main story content (no DLCs).  Beautiful environments, top tier exploration, Kassandra's character has great voice acting and animations. Learned a lot of history, and real-world locations.  There may seem to be overwhelming content, by prioritizing the types of quests (clearly marked on the map, see legend): Main quests, golden color side quests, teal color side quests (aka Lost Tales of Greece). Generic timed quests and bounty are generally not worth doing, just skip them. I only did a small number of them. I didn't bother clearing 100% of the forts and camps around the map, the main and gold/teal side quests take you to the major ones anyway, so I focused on those.  Ubisoft Connect (Uplay) being the WORST part of Ubisoft games as usual. The first time I tried launching the game it wouldn't launch because Ubisoft happened to have an outage. Why do I need to connect to Ubisoft Connect to launch a game I paid for? Anyway, the game was so good I could overlook it, but by principle I can't believe Ubisoft is still letting this happen in 2026."
146,"Ben bu oyunu gerçekten çok seviyorum ancak Valhalla'daki combat sistemi bu oyunda olsaydı, ben bu oyuna aşık olurdum. Öyleyse neden olumsuz verdim. Çünkü oyun seve seve sizi yan görev yapmaya zorluyor. Ana görev yapıp doğrudan oyunu bitirme şansınız yok. Level sistemi yüzünden ana görevi tamamladığınız zaman bir sonraki ana görev 3-4 seviye yukarıda oluyor, savaşa girmeniz anlamsız, keyif alarak kazanamazsınız. Yan görev yap seviyeni eşitle tekrar gel ana görev yap diyor. Hikaye bölünüyor ve en keyifli yerinde oyunu mecbur bırakmak zorunda kaldım. 10-15 yan görev yapıp ancak ana görev yapabileceğim seviyeye gelebilirim çünkü. Bu kısmı oyundan nefret ettiriyor"
147,"A história, os personagens e os cenários são perfeitos, mas não curti tanto a jogabilidade. Outro ponto negativo foi o mundo aberto, extremamente genérico e repetitivo, além de mandar o jogador de um lado para o outro, como se faz em algumas repartições públicas.  Falando em personagens, a de quem mais gostei, até mais do que dos protagonistas, foi a Phoibe.  Comprei pelo filme do Nolan mas não sei se vou jogar os 2 jogos restantes da trilogia RPG do AC."
148,"Assassin's Creed Odyssey é um jogo incrível. O mundo é enorme, bonito e cheio de coisas para explorar. A Grécia Antiga foi muito bem recriada, e cada região tem algo diferente para fazer.  O sistema de combate é divertido, a evolução do personagem dá bastante liberdade para criar sua própria build, e as batalhas contra mercenários e líderes tornam a experiência ainda mais interessante.  A história é envolvente, e as escolhas durante as missões fazem diferença, o que aumenta a vontade de jogar novamente.  Mesmo após muitas horas, sempre há novas missões, equipamentos e lugares para descobrir. Recomendo para quem gosta de RPG de mundo aberto e da franquia Assassin's Creed."
149,"1. Contexto Histórico e Narrativo  O jogo se passa durante a Guerra do Peloponeso (431–404 a.C.), conflito entre Atenas e Esparta. A Ubisoft fez um trabalho impressionante ao recriar a Grécia Antiga, incluindo cidades como Atenas, Esparta e ilhas icônicas. A narrativa mistura fatos históricos com mitologia grega, permitindo interações com figuras como Sócrates, Heródoto e Péricles, além de referências a deuses e criaturas míticas.   2. Mecânicas e RPG  É o primeiro Assassin’s Creed a abraçar totalmente o gênero RPG:  Árvore de habilidades dividida em Caçador, Guerreiro e Assassino. Sistema de loot com raridades e atributos, similar a jogos como The Witcher ou Diablo. Escolhas morais que afetam o final (vários finais possíveis).   Introdução do mercenário system, inspirado em Shadow of Mordor, onde NPCs caçam você se cometer crimes.   3. Escala e Mundo Aberto  Um dos maiores mapas da franquia: mais de 130 km², incluindo terra e mar. Exploração naval retorna com navios personalizáveis, lembrando Black Flag, mas com estética grega.   4. Referências Mitológicas  Missões envolvendo Medusa, Minotauro e Ciclope são puro fan service para quem ama mitologia. A presença da Primeira Civilização (Isu) conecta a narrativa ao lore central da franquia.   5. Filosofia e Cultura  Diálogos com Sócrates e outros filósofos trazem dilemas éticos reais, como justiça, liberdade e destino. O jogo é quase um “tour cultural” pela Grécia Antiga, com detalhes arquitetônicos e costumes bem pesquisados.   6. Curiosidades Nerd  O sistema de combate foi inspirado em Dark Souls (esquiva, parry, timing). A IA dos mercenários cria uma dinâmica quase “roguelike” dentro do mundo aberto. O motor gráfico AnvilNext 2.0 foi otimizado para renderizar paisagens marítimas e iluminação dinâmica."
150,"Ci sono giochi che intrattengono. E poi ci sono giochi che chiamano, come un oracolo antico che sussurra attraverso i secoli. Assassin’s Creed Odyssey appartiene a questa seconda stirpe.  L’ho iniziato tardi, ma in verità è il gioco che ha scelto il momento giusto per trovarmi. Appena messo piede nell’Egeo digitale, ho sentito la stessa voce che guidava gli eroi nei poemi: un richiamo a navigare, a combattere, a cercare verità dimenticate tra storia e leggenda.  La Grecia che Ubisoft ha scolpito è un mondo che respira. Le colline dorate, le acque cerulee, i templi consacrati agli dèi… tutto vibra come un verso declamato attorno a un fuoco millenario. Ogni isola è un capitolo, ogni battaglia un canto, ogni personaggio una maschera di un teatro epico.  E poi arrivano i DLC, che non sono semplici espansioni: sono riti d’iniziazione. Il Destino di Atlantide innalza il racconto verso la sfera del divino: Ade, Poseidone, gli Isu… figure che si ergono come titani, e tu, piccolo mortale, cammini tra loro con lo stesso passo dei grandi eroi dell’antichità.  Odyssey non si limita a essere giocato. Odyssey si vive, si attraversa, si canta.  È un viaggio che unisce storia e mito, ragione e mistero, come un poema omerico travestito da open world. Un’avventura che, anche anni dopo l’uscita, continua a brillare con la forza di un’epoca che non muore.  Voto personale: 10/10 – Un’epopea che merita di essere ricordata."
151,"Análise – Assassin’s Creed Odyssey  Um ótimo jogo e um excelente acréscimo à franquia Assassin’s Creed. Odyssey é divertido, viciante e, assim como Origins, consegue agradar tanto os fãs veteranos da série quanto quem nunca jogou os títulos mais antigos. A Ubisoft mudou a fórmula tradicional da saga, adotando um mundo aberto com fortes elementos de RPG e combates no estilo hack’n’slash, repletos de ação e ataques especiais. Mesmo com tantas mudanças, o jogo ainda preserva sua essência, oferecendo um modo furtivo para quem prefere a abordagem stealth e mantendo a conexão com a história dos Assassinos, Templários e Isus, focando em suas origens e nas antigas ordens que deram origem às facções conhecidas.  A jogabilidade, os gráficos, a interface e a estrutura das missões lembram muito o Origins. A principal diferença está no sistema de combate, que recebeu melhorias significativas, como ataques especiais desbloqueáveis por meio de perks e utilizáveis conforme a barra de adrenalina se enche — um recurso típico dos RPGs. Isso pode parecer simples, mas muda completamente a dinâmica das lutas, permitindo enfrentar inimigos de níveis mais altos com diferentes estratégias: combates diretos, furtivos ou à distância com arco e flecha.  Quem jogou Origins vai se adaptar facilmente. Para os novatos, é importante destacar o sistema de loot, com armas e armaduras que variam de comuns a lendárias, a árvore de habilidades desbloqueadas por pontos de experiência, e a possibilidade de aplicar bônus em itens para conceder propriedades especiais. Há muitas missões secundárias interessantes, total liberdade para explorar um mapa imenso (dividido por níveis de dificuldade), montaria a cavalo, batalhas navais e uma campanha com enredo envolvente, centrado na destruição de um culto secreto, eliminando seus membros um a um.  Um ponto polêmico, mas interessante, é o retorno da navegação. O jogador comanda um navio que pode ser aprimorado, cuja tripulação utiliza arcos, lanças e flechas em vez de canhões. O oceano cobre boa parte do mapa, e a exploração marítima é essencial para descobrir dezenas de ilhas repletas de conteúdo. Essa mecânica lembra bastante Black Flag, embora sem grandes inovações em relação a ele. Para quem não é fã da navegação, pode ser cansativo gastar minutos viajando de uma ilha a outra, por isso é essencial desbloquear os pontos de viagem rápida (fast travel), o que facilita muito a exploração.  A história principal é bem estruturada, mas pouco surpreendente para quem já jogou Origins. A fórmula de eliminar os membros de uma organização inimiga em busca de vingança é reutilizada quase sem mudanças. Ainda assim, há ótimos momentos no decorrer da jornada. O jogador pode escolher entre Kassandra (protagonista feminina) ou Alexios (seu irmão), o que altera alguns detalhes da trama e o papel de herói e vilão. O jogo também oferece diálogos bem escritos e opções de escolha que moldam a personalidade do protagonista, com pequenas repercussões na história.  O destaque vai para a quantidade impressionante de missões secundárias. Elas surgem constantemente conforme você progride, e muitas possuem tramas criativas e divertidas. Quem gosta de explorar o mundo e cumprir objetivos paralelos pode facilmente ultrapassar 50 a 80 horas de jogo — sem contar as missões repetitivas opcionais, voltadas apenas para ganho de experiência e dinheiro.  Além da campanha principal, Odyssey conta com três DLCs importantes.  Contos da Grécia Antiga: acrescenta missões com personagens históricos como Sócrates e Heródoto.  O Legado da Primeira Lâmina: com cerca de 8 a 10 horas de duração, conta a história do primeiro assassino a usar a lâmina oculta e aborda os eventos que deram origem à Ordem dos Templários.  O Destino de Atlântida: a mais longa e polêmica, com cerca de 20 horas, leva o jogador à mitologia grega, enfrentando criaturas como o Minotauro, o Ciclope e a Medusa, além de interagir com divindades como Perséfone, Hades e Poseidon. Essa expansão introduz três novos mapas — Elysium, Submundo e Atlântida — e mistura de forma brilhante o universo dos Isus com a mitologia grega.  Apesar de algumas partes repetitivas (especialmente no primeiro capítulo da DLC de Atlântida), a experiência geral é fantástica. O terceiro capítulo, em especial, se destaca por aprofundar a relação entre os Isus e os humanos, explorando o lado mais “científico” do mito.  O final do jogo e da DLC podem soar confusos à primeira vista, mas tudo faz sentido ao consultar as informações adicionais disponíveis na wiki de Assassin’s Creed. A Ubisoft foi engenhosa ao explicar elementos mitológicos com base na ciência e tecnologia avançada dos Isus — o que mantém o foco da franquia na ficção científica, evitando cair completamente na fantasia. Afinal, não há problema algum em considerar os “deuses” gregos como Isus e seus “poderes” como tecnologia — algo que já é parte do DNA da série desde os tempos de Desmond, com Juno, Minerva e Júpiter."
152,"Итак. Наиграл 116 часов и у меня смешанные чувства. Графика - 10/10 - для своего времени. Диалоги и выбор - 7/10 - новое в серии и выбор реально влияет на финал + дополнительные вопросы в диалогах помогают лучше раскрыть сюжет. Техническое состояние - 10/10 - на моей системе игра шла плавно на ультрах. За всё время ни одного вылета, без багов и фризов. Море - 9/10 - живописное средиземноморье. Морские бои - 8/10 - в Черном флаге было интереснее. Пейзажи Греции - 10/10 - древняя Греция прекрасна. Охота на культ - 8/10 - довольно интересное занятие. Сценарий - 3/10 - сценарий откровенно слабый. Деймос просто капризный инфантил, обиженный в детстве, не понимает, почему родители так поступили, аргументы и факты в упор не видит и видеть не хочет, ему очень важно и нужно ""проработать детские травмы"", погубив при этом кучу непричастных - ооочень натянутый ""хнык-хнык"" ;(  ""Формула Юбисофт"" - 1/10 - надоело запредельно. Одно и то же, башни, точки контроля и т.п. из игры в игру, только в разных декорациях. Гринд - 0/10 - уже после 30 уровня надоедает и становится адской рутиной, на работу ходить веселее. Побочные квесты - 3/10 - есть интересные истории, истории с юмором, но они теряются в бесконечных однотипных унылейших принеси/подай (тысячи их!) Мой личный вердикт: играть стоит, но готовьтесь, что может надоесть к середине игры. PS: к финалу игра надоела настолько, что ДЛС даже бесплатно не нужны, а предложение пройти ""игру +"" выглядит, как злобная издёвка."
153,"Absolute cinema, insanely accurate historical facts and figures, good storyline with both good DLCs, different to other ACs but in a good way, nice combat at least for me, parkour standard, gameplay is rewarding, some quests may feel a tiny bit repetitive but most of it is very entertaining"
154,"오디세이 30시간 만에 여정을 끝냈습니다. 다른 사람들은 100시간 넘게 즐겼다고들 하지만, 저는 공략 루트를 참고해 불필요한 탐험과 서브 퀘스트를 최소화하고, 교단과 신화 보스까지 직선으로 달렸습니다. 그 덕분에 훨씬 짧은 시간 안에 엔딩에 도달했지만, 여정이 결코 가볍게 느껴지진 않았습니다. 짧다면 짧은 시간이었지만, 그 속엔 수십 년의 서사가 압축되어 담겨 있었으니까요.  가족을 되찾고, 교단을 무너뜨리고, 신화 속 괴물들까지 쓰러뜨린 끝에야 비로소 하나의 대서사시가 완성되었다는 실감이 났습니다. 위쳐3가 씁쓸한 여운을 남겼던 대작이라면, 이번 오디세이는 조금 달랐습니다. 수많은 갈림길 끝에서 가족이 모두 함께 앉아 있는 모습을 보았을 때, 비극이 아닌 따뜻한 해피엔딩으로 이야기를 마무리할 수 있었다는 사실이 큰 위로가 되었습니다.  엔딩을 보고 나서 화면은 꺼졌지만, 마음속엔 여전히 에게해의 파도 소리와 바람이 맴도는 듯합니다. 아마도 이 게임은 단순히 클리어했다는 기록으로 남는 게 아니라, 오래도록 기억 속에 남을 따뜻한 여정으로 남을 것 같습니다.”"
155,"[h3]Приветствую вас наёмники! ⚔️ ⠀⠀⠀⠀С вами — [url=steamcommunity.com/id/2o77x] [b]KΛRHΛD[/b] [/url][/h3]  В Odyssey я заходил без особых ожиданий. После Origins было понятно, что серия уже не про ассасинов в привычном виде, а про что-то более широкое. Но Древняя Греция — это как раз тот сеттинг, который сложно игнорировать. Хотел просто «побегать пару вечеров»… в итоге завис на десятки часов.  Пишу это сейчас не на эмоциях после старта, а уже после плотного погружения. Когда успеваешь увидеть и сильные стороны, и все косяки, которые поначалу не бросаются в глаза.  [h3]🏛️ О чём игра[/h3]  [b]Odyssey — это уже почти чистая RPG.[/b]  Ты не ассасин — ты наёмник. Есть выбор персонажа, диалоги, прокачка, билд под стиль игры, редкость лута, способности. Можно идти в стелс, можно в открытый бой, можно комбинировать.  Мир огромный. [u]Не «большой», а именно огромный.[/u] Острова, города, крепости, руины, подводные локации. Плюс корабль, команда, морские бои.  Есть система наёмников, которая чем-то напоминает «охоту за тобой» из других игр — если шуметь, тебя начинают преследовать. Есть война между Афинами и Спартой, где можно участвовать в битвах за регионы.  И вроде звучит как куча систем, которые должны постоянно держать интерес. [i]Частично так и есть.[/i] Но не всё тут доведено до ума.  [h3]🧭 Личный опыт[/h3]  Первые часы — чистый кайф.  Ты просто идёшь, смотришь, слушаешь. Афины, Спарта, мелкие острова — всё выглядит так, будто тебе дали возможность погулять по живой открытке. Иногда реально ловил себя на том, что забываю про квест и просто исследую.  [b]И вот за это игре можно многое простить.[/b]  Но потом начинаешь замечать структуру.  Ты идёшь по сюжету → упираешься в уровень → идёшь делать побочки → возвращаешься к сюжету.  [u]И так по кругу.[/u]  Причём сами побочные задания очень разные. Есть реально запоминающиеся — с юмором, странными ситуациями, неожиданными персонажами. Иногда прям ловишь себя на мысли: «вот это было хорошо».  А иногда — чистый конвейер. Сходи, убей, принеси. Причём в больших количествах.  Отдельно про боёвку.  Она стала лучше, чем в Origins — это чувствуется. Уклонения, тайминги, способности — всё работает. Можно собрать билд и реально играть по-разному.  Но есть проблема: враги.  [b]Они почти не меняются.[/b] Из-за автолевелинга ты постоянно дерёшься с «равными» противниками. Нет ощущения, что ты стал сильнее — просто циферки растут. И через какое-то время бой превращается в повторение одного и того же.  Стелс тоже не всегда даёт свободу. В теории — играй как хочешь. На практике — не всех можно тихо убрать, особенно без прокачки. Игра часто ломает твой стиль.  [i]И вот тут появляется ощущение, что ты не выбираешь, как играть, а подстраиваешься под систему.[/i]  [h3]🌍 Мир и ощущение путешествия[/h3]  Вот где Odyssey реально цепляет — это ощущение «путешествия».  [b]Если относиться к игре как к симуляции прогулки по Древней Греции — она почти идеальна.[/b]  Разные регионы реально отличаются. Где-то горы, где-то острова, где-то плотная застройка. Можно просто плыть на корабле, слушать песни команды и смотреть на горизонт.  Встречи с историческими персонажами — отдельный плюс. Сократ, Геродот и другие — не просто имена, с ними реально взаимодействуешь. Иногда это выглядит немного странно, но атмосферу добавляет.  И да, в игре есть моменты, когда ты понимаешь: [u]вот ради этого всё и делалось.[/u] Не ради квестов, не ради прокачки — ради ощущения, что ты «там».  [h3]⚙️ Системы, которые не дожали[/h3]  Есть ощущение, что многие механики добавили, но не довели до конца.  Система наёмников сначала интересная. Потом — начинает мешать. Постоянно лезут, сбивают темп.  Война между Спартой и Афинами — звучит масштабно, но по факту почти не влияет ни на что. Регион можно захватить, но он спокойно отойдёт обратно без тебя.  Выборы в диалогах есть, но чаще это [i]иллюзия.[/i] Иногда влияют, но редко кардинально.  И самое главное — гринд.  [b]Он есть. И он ощутимый.[/b] Особенно если не зачищать карту полностью.  Плюс постоянный поток лута, который быстро превращается в мусор. Половину вещей просто продаёшь не глядя.  [code][i]Понравился обзор? Подпишись на мою страницу куратора — я регулярно делюсь интересными играми и рекомендациями:[/i]      [url=https://store.steampowered.com/curator/45992773-K%25CE%259BRH%25CE%259BD-%25D1%2580%25D0%25B5%25D0%25BA%25D0%25BE%25D0%25BC%25D0%25B5%25D0%25BD%25D0%25B4%25D1%2583%25D0%25B5%25D1%2582/][b]KΛRHΛD рекомендует[/b][/url][/code]  [h3]✅ Плюсы[/h3]  • Огромный и действительно красивый мир, который хочется исследовать • Атмосфера путешествия — один из сильнейших аспектов игры • Улучшенная боёвка по сравнению с Origins • Разнообразие билдов и способностей • Запоминающиеся побочные квесты (когда они не процедурные) • Исторические персонажи и общий антураж • Возможность залипнуть на десятки часов без спешки  [h3]❌ Минусы[/h3]  • Жёсткая привязка к уровням и необходимость гринда • Много однотипных активностей и контрактов • Автолевелинг убивает ощущение прогресса • Система наёмников со временем раздражает • Война фракций ощущается бесполезной • Стелс ограничен и не всегда работает как ожидаешь • Лут быстро обесценивается • Сюжет местами распадается и теряет фокус • Микротранзакции намекают на искусственное затягивание  [h3]🧾 Итог[/h3]  Odyssey — это большая, дорогая и очень неровная игра.  Она может затянуть на 100+ часов. Может дать ощущение настоящего путешествия. Может даже удивить в отдельных моментах.  [b]Но при этом она часто не уважает твоё время.[/b]  Если ты любишь исследовать, не спешишь и готов мириться с повторяемостью — зайдёт.  Если хочешь плотный, сфокусированный опыт — скорее устанешь.  Лично для меня это была игра, в которую интересно играть… [i]но не всегда интересно играть.[/i]  [u]⭐7.5/10 — затягивает атмосферой, но утомляет своей же масштабностью[/u]  ──────────────────────────────────────────────────────────────   [h1][b]Если обзор был полезен — буду искренне рад лайку 👍, награде🏆 или паре слов в комментариях✍️  Это поможет в работе над следующими обзорами и просто будет приятно.   Для ознакомления 👇[/b]  ⠀⠀⠀⠀⠀⠀⠀⠀⠀⠀⠀⠀[url=steamcommunity.com/id/2o77x/recommended/] [b]🎮 Мои Обзоры [/b] [/url]  ⠀⠀⠀⠀⠀⠀⠀⠀⠀⠀⠀⠀[url=steamcommunity.com/id/2o77x/myworkshopfiles/?section=guides] [b]📖 Руководства [/b] [/url] ⠀⠀⠀⠀⠀⠀⠀⠀⠀⠀⠀⠀[url=steamcommunity.com/id/2o77x/screenshots/] [b]📸 Скриншоты [/b] [/url] ⠀⠀⠀⠀⠀⠀⠀⠀⠀⠀⠀⠀[url=steamcommunity.com/id/2o77x] [b]🥷 Профиль Steam [/b] [/url][/h1]"
156,"This is probably my favorite Assassin's Creed game. It had a good blend of straightforward fighting and stealth assassination options. The Greek world felt alive. The game was long enough to feel epic in scope, but it didn't feel overly dragged out (as compared to Valhalla)."
157,"[h1][b]Assassin's Creed Odyssey[/b][/h1] Oui, j'ai passé [b]290 heures[/b] sur ce jeu. Non, ce n'est pas une recommandation. C'est un aveu.  J'ai terminé Assassin's Creed Odyssey à 100 %, parce que je suis complétionniste. J'en ai surtout tiré une conclusion : ce n'est pas parce qu'un jeu est immense qu'il est meilleur. Parfois, il est juste plus long...  Je ne le recommande donc pas.  Lorsque j'ai enfin terminé le jeu, je n'ai pas eu le sentiment de quitter un univers que j'aimais. J'ai surtout eu l'impression de sortir d'une très longue peine : « Bordel c'est enfin fini ! »  À ce stade, Odyssey n'est plus une aventure, c'est une épreuve d'endurance. Le véritable boss final n'est pas le Culte de Kosmos, mais votre santé mentale.  Et c'est d'autant plus frustrant que le travail des équipes artistiques est exceptionnel. Ubisoft livre probablement l'une des plus belles représentations de la Grèce antique jamais vues dans un jeu vidéo. Mythologie, personnages historiques, temples, statues, cités, paysages, tout transpire le respect de cette période fascinante. Chaque île possède sa propre identité et j'ai passé autant de temps à contempler les panoramas qu'à remplir ma galerie de captures d'écran.  Une fois la beauté des paysages passée, on réalise que le jeu recycle inlassablement la même formule : se rendre sur place, éliminer quelques ennemis, récupérer un objet, revenir au point de départ... puis recommencer suffisamment de fois pour connaître chaque fort de Grèce mieux que les développeurs eux-mêmes.  À un moment, j'ai fini par croire que le véritable objectif du jeu n'était pas d'éliminer le Culte de Kosmos, mais de déterminer combien de fois un joueur accepterait de refaire exactement la même mission avant que son cerveau ne demande officiellement le divorce.  Mon principal reproche ne tient pourtant pas uniquement à la répétitivité du gameplay. C'est surtout qu'Assassin's Creed Odyssey tourne le dos à ce qui faisait l'identité de la licence.  Les choix de dialogues donnent l'illusion d'avoir de l'importance, alors qu'ils influencent rarement quoi que ce soit. Alexios et Kassandra changent de personnalité d'une cinématique à l'autre, les DLC malmènent le lore et répondent à peu près autant de questions qu'un politicien en campagne.  Le monde est superbe, mais étonnamment vide. Les PNJ manquent de personnalité, les activités secondaires recyclent les mêmes objectifs jusqu'à l'écœurement et la fin du jeu consiste essentiellement à nettoyer les mêmes forts et camps en boucle.  Le parkour a été réduit à un simple système d'escalade, l'infiltration est reléguée au second plan et le jeu préfère largement vous voir transformer chaque camp ennemi en scène de crime.  Et parlons enfin des assassinats...  Souvenez-vous de l'époque où être un Assassin signifiait assassiner ?  Aujourd'hui, tout dépend de votre équipement. Vous pouvez réussir une infiltration parfaite, planter votre lame dans la gorge d'un garde... et le voir perdre 70 % de sa barre de vie avant de se retourner, légèrement agacé, parce que votre brassard n'était pas de niveau légendaire. Rien ne résume mieux l'évolution de la série qu'un assassin incapable d'assassiner.  Je ne regrette pas ces 290 heures. J'ai adoré découvrir cette Grèce antique, écouter sa bande-son et admirer son univers.  Mais je ne recommande Assassin's Creed Odyssey qu'aux amateurs de RPG en monde ouvert. Pour les fans d'Assassin's Creed, c'est une toute autre histoire.  En résumé : [i][b]Assassin’s Creed Odyssey est un très bon RPG, sans aucun doute. Son univers est vaste, son contenu généreux et son système de progression particulièrement plaisant. En revanche, en tant qu’Assassin’s Creed, il s’éloigne tellement de la formule originale qu’on peut légitimement se demander si le jeu n’aurait pas mieux fonctionné avec un autre nom.  Mais une chose est certaine : une fois équipé de votre tenue, de vos compétences et de votre fidèle lame, vous êtes officiellement un excellent Misthios.[/b][/i]"
158,"I completed this game 100% on PS4 when it first came out, before I started buying my games on PC. When I decided to change PC, my new gaming platform, this was definitely one of the games that I knew I needed to buy and 100% again for my own satisfaction. If I did not enjoy this game back then, I would not have even considered going through this trouble again, but because I loved this game so much, I had to do it all over again.  In my opinion, Assassin’s Creed: Odyssey is probably one of the best open-world games that developers can benchmark off of. It has everything: it's large, long, full of side quests and stories, and has amazing graphics. If you are a fan of the Homeric Epic and want to explore Ancient Greek culture, this is the best experience you will have.  However, being large, long, full of side quests and stories, could be what makes this game tiring. I love every aspect of this game, but still, it was very tiring to 100% all those miscellaneous tasks. At the end of the day, this game has every aspect that Ubisoft's Open-World games are good at and bad at.  If you are a core Assassin’s Creed fan, you might not like it because it is definitely more of an Action RPG than a Stealth Game, like the early Assassin’s Creed games in which Altair and Ezio were the protagonists. Personally, it didn’t bother me that much. And also based on the lore, Alexios/Kassandra is too powerful to sneak around their enemy, so maybe this game being an Action RPG is more lore-friendly.  Overall, I daresay that Assassin’s Creed: Odyssey is one of the best Assassin’s Creeds and Open-World Games ever."
159,"Покупал игру ещё на релизе в Uplay Ultimate за 4000 ₽ - по тем временам это был максимальный прайс ААА релизов. Прошёл на XSX, потом взял на PS5 и в итоге добрался до Steam-версии. DLC проходил по мере их релиза, с ожиданием каждого эпизода.  Я не из тех, кто бездумно ругает Ubisoft - но и защищать игру просто потому, что она мне нравится, тоже не буду. У Odyssey есть проблемы. Я знаю про гриндволы, и меня откровенно бесит, что на XSX я в какой-то момент покупал перманентный бустер опыта. Такие вещи - зло, и они ломают баланс.  Но при всём этом есть то, за что я искренне люблю эту игру (и это во многом относится и к Origins).  Во-первых, мир. Ubisoft умеют воссоздавать исторические сеттинги - и Древняя Греция здесь просто великолепна. В неё приятно возвращаться. Не «интересно исследовать» - именно приятно находиться. Это редкое ощущение.  Во-вторых, билдкрафтинг. Да, боевая система выдыхается спустя 30-40 часов, но возможность пересобирать персонажа реально освежает геймплей. Устал от стелса - собираешь воина. Надоел мили - уходишь в лучника. Это не супер-глубокая система, но она даёт ощущение нового опыта. И вот этого, например, мне не хватало в Ведьмаке.  Ну и, конечно, тон игры. Абсурдный, местами глупый юмор, фирменный стиль Ubisoft Quebec - всё это работает на атмосферу. Odyssey - это не про серьёзный исторический эпос, это про лёгкое, солнечное приключение. И в этом контексте Кассандра - просто идеальный персонаж. Харизматичная, живая, с ней приятно проводить время.  Да, игра неровная. Да, местами перегружена. Но в ней есть душа(именно так я и считаю) - и есть то самое «приятно играть», которое не всегда можно объяснить логикой.  Обязательно пройду её ещё раз, когда будет время на такую большую игру.  8/10."
160,"Voltar pra Assassin's é aquela sensação de entrar em um mundo vivo de verdade. A ambientação, a trilha sonora e a história conseguem te prender de um jeito absurdo. essa exploração numa vibe única que poucos conseguem fazer igual. Mesmo depois de tantos anos, continua sendo uma das franquias mais marcantes dos games"
161,玩了十个小时，说一下感受...... 没有任何感受，因为我这是个小时一直在登录游戏，进都进不去
162,"O mundo é um dos pontos mais fortes. A Grécia Antiga é linda, cheia de ilhas, cidades e lugares pra explorar. É aquele tipo de jogo que recompensa quem gosta de sair fazendo tudo, porque sempre tem algo novo no caminho. Pra quem já curtiu explorar o Origins, aqui a sensação é ainda mais expansiva.  O combate segue a linha mais RPG, com habilidades e poderes que deixam tudo mais dinâmico. É divertido, principalmente usando habilidades mais exageradas como o chute de Esparta. Mas entra um ponto que me incomodou, igual no Origins: o sistema de nível. Em vários momentos você sente que, se estiver abaixo do nível recomendado, simplesmente não consegue enfrentar certos inimigos de forma natural, o que quebra um pouco a imersão.  Outro ponto negativo é a quantidade de armas. Tem muita coisa, o que acaba tornando vários equipamentos descartáveis e tirando um pouco do peso de conseguir algo realmente relevante. Isso, somado ao sistema de níveis, às vezes deixa a progressão meio artificial.  A progressão no geral é viciante, com bastante coisa pra evoluir, explorar e desbloquear. O sistema de mercenários e as batalhas maiores ajudam a dar variedade, e o combate naval também adiciona uma camada legal pra quem curte esse tipo de gameplay.  Eu também joguei as DLCs, e elas são bem interessantes, trazendo novos conteúdos e expandindo a experiência. Porém, um ponto que me incomodou foi o fato de parte importante do desfecho da história principal estar em uma delas. Dá a sensação de que o final “completo” do jogo ficou preso fora da campanha base.  No fim das contas, é um jogo bom e com muito conteúdo. É uma experiência que prende bastante, principalmente pra quem gosta de explorar tudo e evoluir o personagem."
163,"[h1]Bir Kahramanın Değil, Bir Efsanenin Yolculuğu[/h1]  Assassin's Creed Odyssey – İnceleme | Puan: 7.5 / 10  [b]Assassin's Creed Odyssey, seriyi Antik Yunan'a taşıyarak daha büyük ve RPG odaklı bir açık dünya deneyimi sunuyor.[/b] Oyunu Kassandra ile tamamladım ve özellikle onun karakteri, seslendirmesi ve hikâye boyunca verdiğim seçimlerle birlikte Odyssey'nin uzun yolculuğuna güzel bir kişilik kattığını düşünüyorum. Keşfetmesi keyifli bir dünya ve bol miktarda içerik bulunuyor ancak oyunun büyüklüğü her zaman avantajına dönüşmüyor; tekrar eden görev yapısı ve gereğinden fazla içerik bir noktadan sonra deneyimi yorabiliyor.  [h2]Atmosfer & Dünya Tasarımı[/h2]  Odyssey'nin en güçlü taraflarından biri açık dünyası.  Antik Yunan oldukça güzel tasarlanmış. Atina'nın kalabalık sokaklarından Sparta'nın bölgelerine, irili ufaklı adalardan açık denizlere kadar farklı alanları keşfetmek keyifli.  Özellikle deniz yolculukları oyuna güzel bir çeşitlilik katıyor. [b]Adrestia[/b] ile adalar arasında dolaşmak, yeni bölgeler keşfetmek ve deniz savaşlarına girmek açık dünyanın ölçeğini daha iyi hissettiriyor.  Manzaralar konusunda da oyun oldukça başarılı. Gün doğumu ve gün batımı sırasında ortaya çıkan görüntüler hâlâ etkileyici.  Ancak haritanın büyüklüğü bir süre sonra dezavantaja dönüşebiliyor. Her bölgede benzer görevler ve aktiviteler görmek keşif hissini zamanla azaltıyor.  [h2]Oynanış & Mekanikler[/h2]  Odyssey ile birlikte Assassin's Creed serisinin RPG tarafı çok daha fazla öne çıkıyor.  Seviye sistemi, ekipmanlar, yetenek ağacı ve farklı build seçenekleri karakter gelişimine daha fazla önem verilmesini sağlıyor. Kendi oynayış tarzına göre Kassandra'yı geliştirebilmek güzel bir sistem.  Savaş sistemi de önceki oyunlara göre daha aksiyon odaklı. Farklı yetenekleri kullanmak ve düşmanların saldırılarına karşı doğru zamanda hareket etmek çatışmaları eğlenceli hale getiriyor.  Paralı asker sistemi de dünyada sürekli peşinizde dolaşabilecek yeni bir tehdit oluşturuyor. Özellikle suç seviyesinin yükseldiği anlarda bir görevin ortasında paralı askerlerin ortaya çıkması beklenmedik ve zaman zaman oldukça eğlenceli çatışmalara yol açabiliyor.  Ancak görev tasarımı oyunun en zayıf noktalarından biri.  Bir süre sonra aynı tür görevleri tekrar tekrar yapmak zorunda kalıyorsun. Bir bölgeye git, düşmanları temizle, bir eşya bul veya birini takip et... İçerik miktarı fazla olsa da çeşitlilik aynı seviyede değil.  Seviye farkı nedeniyle bazı görevlerde gereğinden fazla zaman harcamak da zaman zaman oyunun temposunu düşürüyor.  [h2]Hikâye & Karakterler[/h2]  Kassandra'nın hikâyesi oyunun benim için en başarılı taraflarından biri oldu.  Ailesini yeniden bulmaya çalışırken yaşadıkları, verdiğimiz kararlar ve karakterlerle kurulan ilişkiler ana senaryoya kişisel bir taraf kazandırıyor. Diyalog seçimlerinin bazı olayların sonucunu değiştirmesi de RPG yapısına güzel uyum sağlıyor.  Kassandra'nın seslendirmesini de oldukça başarılı buldum. Ciddi sahnelerde duyguyu verebilirken daha rahat diyaloglarda karakterin mizahi tarafını da gösterebiliyor.  [spoiler]Oyunun ilerleyen bölümlerinde ailenin kaderiyle ilgili verilen kararlar hikâyeye daha kişisel bir anlam katıyor. Kassandra'nın ailesini yeniden bir araya getirip getiremeyeceğini kendi seçimlerimizin belirlemesi, ana hikâyenin benim için en güzel taraflarından biriydi.[/spoiler]  DLC tarafında ise hem [b]Legacy of the First Blade[/b] hem de [b]The Fate of Atlantis[/b] içeriklerini oynadım.  Legacy of the First Blade, Assassin tarafının geçmişiyle bağlantı kurması açısından güzel detaylar sunuyor ancak ana oyun kadar güçlü bir etki bıraktığını söyleyemem.  The Fate of Atlantis ise benim için daha ilgi çekici bir genişleme oldu. [b]Elysium[/b], [b]Underworld[/b] ve [b]Atlantis[/b] gibi bölgeler ana oyundan oldukça farklı atmosferler sunuyor. Isu tarafına daha fazla değinilmesi de Assassin's Creed evreninin geçmişini merak edenler için güzel detaylar barındırıyor.  Buna rağmen ana hikâye ve DLC'ler birlikte düşünüldüğünde Odyssey gerçekten çok uzun bir deneyime dönüşüyor. İçerik miktarı etkileyici olsa da her içerik aynı kaliteyi koruyamıyor.  [h2]Teknik Durum[/h2]  Teknik açıdan oldukça başarılı bir deneyim sunuyor.  Antik Yunan'ın geniş çevreleri, şehirleri ve denizleri görsel olarak etkileyici. Özellikle çevre detayları ve ışıklandırma oyunun atmosferini destekliyor.  Oynadığım süre boyunca ciddi bir teknik problem yaşamadım ve genel olarak stabil bir deneyim sundu.  [h2]Artılar[/h2]  + Etkileyici Antik Yunan atmosferi  + Kassandra'nın başarılı karakteri ve seslendirmesi  + Büyük ve keşfetmesi keyifli açık dünya  + Gelişmiş RPG sistemleri  + Başarılı deniz yolculukları ve savaşları  + The Fate of Atlantis'in sunduğu farklı bölgeler  [h2]Eksiler[/h2]  - Tekrara düşen görev yapısı  - Gereğinden fazla içerik  - Seviye sisteminin tempoyu zaman zaman düşürmesi  - Ana hikâye ve DLC'lerle birlikte deneyimin gereğinden fazla uzaması  [h2]Kimler Oynamalı?[/h2]  ✔ Açık dünya RPG'lerini sevenler ✔ Assassin's Creed serisine ilgi duyanlar ✔ Antik Yunan'ı keşfetmek isteyenler ✔ Uzun süre oynanabilecek oyunlar arayanlar  [hr][/hr]  [b]Assassin's Creed Odyssey, Antik Yunan'ı keşfetme konusunda oldukça başarılı ve serinin RPG tarafını ciddi şekilde geliştiren bir yapım. Kassandra ile çıktığım yolculuk, açık dünyası, savaş sistemi ve karakter gelişimiyle uzun süre keyif verdi. DLC'lerle birlikte içerik tarafı daha da genişliyor ancak bu büyüklük aynı zamanda oyunun en büyük problemlerinden birine dönüşüyor. Tekrar eden görevler ve zaman zaman gereğinden fazla uzayan yapısı nedeniyle benim için daha yüksek puanlara ulaşamasa da Odyssey'de geçirdiğim zamandan genel olarak memnun ayrıldım.[/b]  [i]""I have lived many lives.""[/i] [i]– Kassandra[/i]"
164,"Une aventure épique, profonde et inoubliable. Assassin’s Creed Odyssey m’a transporté du début à la fin. La Grèce antique est sublime, vivante et immersive, et chaque région raconte sa propre histoire. Explorer ce monde, que ce soit à pied, à cheval ou en mer, reste un véritable plaisir.  L’histoire principale est captivante, et ce qui la rend encore plus forte, c’est l’attachement que l’on développe envers certains personnages. Leur évolution, leurs liens avec le héros ou l’héroïne… tout cela donne une profondeur émotionnelle que je n’attendais pas à ce point dans un Assassin’s Creed.  Les DLC viennent sublimer cette expérience. La partie en Macédoine apporte encore plus d’intensité, et la conclusion finale — fonder une famille, puis devoir la laisser partir au loin pour protéger sa lignée — est absolument bouleversante. C’est une fin magistrale, qui marque durablement.  Le gameplay est fluide, dynamique, et offre une liberté incroyable. Les combats, l’infiltration, l’exploration… tout s’enchaîne parfaitement. Les musiques, elles, renforcent chaque émotion et chaque découverte.  Assassin’s Creed Odyssey est, selon moi, l’un des épisodes les plus ambitieux et sous-estimés de la saga. Une aventure immense, humaine, et d’une richesse rare.  Je le recommande sans hésiter à tous les amateurs d’action, d’exploration et de récits profondément immersifs."
165,"""There was a problem authenticating the ownership of this product and the game cannot be started. Please contact Customer Support.""  Edit: I just tried contacting customer support and I was unable to open a case because of this message: ""Please fill out all required fields before submitting"". I filled out all the fields that I saw. I don't know what I'm supposed to do now."
166,"Oyunun Antik Yunan dünyası çok etkileyici ve keşfetmesi keyifli.Yan görevlerin kalitesi serinin birçok oyunundan daha yüksek.Deniz savaşları ve gemi geliştirme sistemi eğlenceli.Onlarca saat içerik sunuyor,harita son derece büyük.  Oyunun combat mekanikleri de tatmin edici.Ability puanları ile çeşitli özellikleri açıp çeşitli stratejiler ile kullanmak ayrı bir eğlence katıyor."
167,"O jogo base é até que bom apesar das bizarrices padrões ubisoft, já as dlcs são tenebrosas nem cogite em gastar seu dinheiro nisso, depois de um certo de tempo de jogo o mesmo fica tão massante que fica impossível de continuar com ânimo, no fim eu so terminei o base e desistir da dlc."
168,"I can't understand why this game continues to be hated by many. Sure, it's a bit too long but it's so engaging. To date, it's one of the most beautiful and evocative."
169,Fazlaca uzun görevler sıkıcı şu adamı öldür şunu getir bunu getir belirli bir saatten sonra bitsin diye oynamaya başladım seviye sistemi de saçmalık saatlerce yan görev yapıp seviyenizi yğkseltmeniz görevlerde hiç bir işinize yaramayacak ne kadar yükselirseniz yükselin rakiplerinizin seviyesi de sizinle beraber yükseliyor
170,我要被育碧搞崩溃了，打了四十来个小时都快打通主线了把我存档全部吞了，太搞心态了，服务器天天崩溃，玩其他系列也一直在丢存档，在游戏里手动存的档全部被覆盖了太恶心了
171,güzel oyun ama yan hikayleri boğuyor adamı asıl görevi unutuıyorsunuz
172,"Я був хейтером RPG Ассасинів поки не спробував цю гру... Ні, це більше ніж гра! Для когось це зачистка аванпостів, для мене ж це: Цікаві історії, історичні постаті, мій улюблений час, Давня Греція. Мені дуже сподобався сюжет цієї гри. Це були неймовірні 150+ годин насолоди.   Загалом, ця гра - перша за довгий час, що викликала ті ж самі емоції, що й Skyrim у 2014му. 10/10"
173,인생 최고의 게임 질려서 지웠다가도 다시 생각나서 설치하는 게임
174,"Söze hikaye kısmından başlayacak olursam güzel ve özgün bir hikayesi var diyebilirim. En sevdiğim açık dünya oyunlarından bir tanesi çünkü Antik Yunan ve Akdeniz coğrafyasının atmosferini çok iyi şekilde yansıtıyor. Ayrıca oyunun müziklerine de bayılıyorum. Eğer siz de Antik Yunan mitolojisi ve tarihi seviyorsanız kesinlikle oynamanızı öneririm. Oyunun içinde karşılaştığımız karakterler, tarihi ve mitolojik önem atfeden mekanlar, zeytin ağaçları ve üzüm bağları, lirin güzel melodisi... sizi zamanda yolculuk yapmışsınız gibi antik dünyanın içine çekiyor. Bir de Kassandra'yla oynamayı unutmayın!! emin olun daha çok zevk alacaksınız."
175,"Mon plus grand coup de cœur !  Assassin's Creed® Odyssey est tout simplement exceptionnel. C'est l'un des meilleurs mondes ouverts auxquels j'ai pu jouer, avec une carte colossale et une immersion totale dans la mythologie grecque, un univers que j'adore.  Pour la petite histoire, c'est un jeu que j'ai recommencé plusieurs fois avant de le terminer récemment à 100%. Je l'ai même acheté plusieurs fois (sur PS4 puis deux fois sur PC, en version Standard et Ultimate), ce qui montre à quel point il m'a marqué !  Beaucoup le critiquent en disant qu'il ne ressemble plus à un ""vrai"" Assassin's Creed, mais il ne faut pas le juger sur ce critère : prenez-le pour ce qu'il est, à savoir un fantastique jeu d'aventure, de RPG et d'exploration.  Ce qui rend ce jeu inoubliable :  Un monde somptueux : Graphiquement, le jeu est magnifiquement beau, accompagné d'une bande-son géniale qui vous plonge directement dans l'ambiance.  Une aventure captivante : L'histoire est incroyable et touchante, portée par des personnages hyper attachants. La relation entre les personnages est vraiment cool et bien développée, et croiser des figures emblématiques comme Socrate rend le voyage encore plus savoureux.  Un gameplay ultra complet : Que ce soit sur terre ou sur mer, les combats sont superbes et dynamiques.  Une durée de vie colossale : Même une fois la trame principale terminée, les quêtes annexes restent superbes et le contenu d'après-jeu est très cool.  Les DLC : Si vous accrochez au jeu de base, foncez sur les extensions, elles valent vraiment le coup.  Si vous aimez l'exploration et la mythologie grecque, vous pouvez y aller les yeux fermés. Un vrai chef-d'œuvre à faire absolument !"
176,"Assassin’s Creed Odyssey je pro mě docela srdcovkou. Jedná se o jednu z prvních open-world her, kterou jsem měl možnost si zahrát. Ačkoliv je některými kritizována, jiní ji naprosto milují a označují ji za excelentní hru. Osobně nepatřím do té skupiny lidí, kteří kritizují tuto hru jen proto, že má v názvu Assassin’s Creed. Tyto lidi chápu a respektuju, ale myslím si, že kvůli jménu, které dostala, si takto výborná hra takový hate nezaslouží.  Hru zdobí jeden z nejkrásnějších světů své doby. Starověké Řecko je naprosto dechberoucí a opravdu obrovské. Hra zároveň srší inspirací legendárním Zaklínačem 3, ať už v případě hlavního příběhu, tak i v mechanikách rozhodování. To hře ovšem vůbec neškodí – ba naopak, jedná se o hru z této série, která má nadprůměrný příběh.  Hra má naprosto skvělé vedlejší postavy, přičemž s některými se budete setkávat opakovaně, a vždy si opakované setkání s nimi užijete.  [b] Klady [/b] +Po grafické stránce fenomenálně zpracované Řecko (nádherná barevná paleta) +Zábavné vedlejší postavy +Systém lovců odměn +Skvělý hlavní protagonista (Alexios i Kassandra) +Dialogové možnosti +Decentní soubojový systém, který je se speciálními schopnostmi zábavný  [b] Zápory [/b] -Systém peloponéské války mezi Athénami a Spartou -Nutnost plnění vedlejších aktivit pro postup v hlavním příběhu  Assassin’s Creed Odyssey je hra, na kterou se podle mě zapomíná a zasloužila by si mnohem větší uznání. Jako člověk, který vstupoval do světa velkých AAA her, jsem se při jejím hraní královsky bavil. Osobně se k této hře chci někdy vrátit, protože si to zaslouží. Pokud milujete antické Řecko, tato hra je přímo pro Vás!  [b] Hodnocení: 9/10 [/b]"
177,"Paso a realizar mi reseña después de haber jugado primeramente el Valhalla.  Esta entrega me parece buena, he escuchado que muchas personas dicen que para ser un Assassins se queda corto, pero bueno, es ser algo quisquilloso desde mi punto de vista. Es un juegazo en todo aspecto, tiene excelente historia, buenas misiones tanto de combate, búsqueda, investigación y batallas navales. A medida que avanzas en el mapa y en la historia principal te vas encontrando con personajes históricos que están bien recreados y que en cuanto a ideología van bien.  Con respecto al mapa, es algo extenso (no al nivel del Valhalla) pero está bien diseñado, tiene bastantes lugares históricos y es interesante que puedas ver unas pequeñas leyendas de datos que te muestran el contexto histórico del lugar. Muchas estatuas, coliseos y arquitectura acorde a la era. También está bien fundamentado el tema de incluir animales griegos con los que luchas y ciertas leyendas (como el Minotauro , Medusa y uno que otro Cíclope).  Personalización del personaje es algo corta, las armas son algo genéricas a excepción de las legendarias que tienen diseños únicos y habilidades especiales. El árbol de habilidades es bueno, corto y útil. Siempre recomiendo hacer un poco de exploración para ir encontrando mejores armas, recursos e ir subiendo de nivel y enfrentar bien las misiones. De lo contrario puedes tardar más en pasar la historia.  Las horas que tengo de juego son con base a completar todas las ubicaciones del mapa, las Óstracas (que recomiendo pasar al final como extra, te llevan a buenos lugares), todas las misiones principales y secundarias y una gran parte de los logros de Steam. Al 100% (necesitas comprar DLCs) te tomaría unas 200 horas casi. Vale la pena pero es algo tedioso porque en sí, el juego en un punto se vuelve monótono.   Lo recomiendo. Es bueno jugarlo con calma e ir entendiendo cómo funcionaba la antigua Helade. Por cierto, tiene otro modo para explorar las ubicaciones históricas con un contexto mucho más detallado. Es más para quien le interesa todo el tema de Grecia, un tour guiado dentro de un juego (gran detalle y empeño)."
178,"⭐ Pozitívumok: ✅ Hatalmas és gyönyörű nyitott világ – Az ókori Görögország elképesztően részletes és változatos. Szigetek, tengeri csaták, városok, romok – igazi történelmi játszótér. ✅ RPG-rendszer és build variációk – Harcos, orgyilkos vagy íjász? Teljesen rád van bízva. A skillek és felszerelések jól testre szabhatók. ✅ Választható főhős (Kassandra/Alexios) – Kassandra különösen erős és karizmatikus karakter lett. ✅ Tengeri harcok visszatérése – A hajózás és a tengeri ütközetek hangulata sokat dob az élményen.  ❌ Negatívumok: ❌ Túlzottan grindes – Bizonyos pontokon muszáj mellékküldetésezni a megfelelő szinthez. ❌ Ismétlődő erőd-felszabadítások – Egy idő után sablonosnak érződhetnek. ❌ Kevésbé „klasszikus” Assassin’s Creed – A lopakodós, testvériség-központú hangulat háttérbe szorul az RPG-elemek miatt.  💡 Összegzés: Az Assassin’s Creed Odyssey inkább egy ókori görög akció-RPG, mint klasszikus AC, de ebben a szerepében nagyon erős. Hatalmas tartalom, rengeteg felfedezni való és látványos harcrendszer jellemzi. Ha szereted a nyílt világú RPG-ket és a történelmi környezetet, hosszú időre leköt.  Értékelés: 8/10 ⚔️🏛️"
179,"Es un juego con muchísimas horas de contenido, ideal para quienes disfrutan de aventuras largas y llenas de acción. Me encanta cómo mezcla la mitología griega con el mundo de los asesinos, los barcos, los espartanos y los monstruos mitológicos. La exploración es increíble, los combates son dinámicos y la ambientación te hace sentir dentro de una auténtica epopeya griega. ¿Qué más se le puede pedir a un juego así?"
180,"Es un gran juego. Soy filósofo y doy fe que la ambientación, los paisajes, las conductas sociales, las problemáticas planteadas así como las cuestiones estéticas (vestuarios, diseños urbanos), todo está correcta y prolijamente ambientado. Las historias son complejas, y el hecho de que el jugador deba tomar decisiones lo hace aun más atrapante. No es solo un juego, es una experiencia para largo rato. El nombre es lo más justo: una odisea, un peregrinaje hacia los caminos (o destinos) que cada uno irá forjando. Gracias a quienes hicieron posible este juego, llevo horas emocionado."
181,"Pros: Many cheetahs +10 points IYKYK Huge map +dlc map Loads of quests Looks great  Mixed: Not a fan of the rpg leveling system  Cons: Bugs, a lot of them with quests, had to relaunch the game for some to appear, had to roll back to a older manual save to fix multiple quests that i couldn't progress.  Overall great game with some quirks"
182,"Depois de completar 100% de Assassin’s Creed Odyssey, posso dizer que é um dos jogos mais ambiciosos da franquia. O mapa da Grécia Antiga é enorme, cheio de atividades, histórias paralelas e lugares históricos muito bem recriados. Explorar o mundo é uma das melhores partes do jogo, principalmente pela variedade de ilhas, cidades e paisagens.  Um ponto que chama atenção é a dificuldade em algumas missões, principalmente quando enfrentamos inimigos de nível alto ou áreas dominadas por muitos soldados. Em certos momentos é necessário melhorar bem os equipamentos, evoluir a build do personagem e usar estratégia, porque simplesmente sair atacando tudo raramente funciona.  Por outro lado, um dos pontos negativos é que algumas missões acabam ficando repetitivas. Muitas vezes o objetivo se resume a invadir um forte, eliminar um alvo ou coletar algum item. Isso acontece várias vezes ao longo da campanha e das atividades secundárias, o que pode cansar um pouco quem busca sempre algo diferente.  Agora, um dos grandes destaques do jogo são as batalhas contra chefes (bosses). Esses confrontos realmente se destacam, principalmente os ligados à mitologia e aos membros mais fortes do culto. Cada luta exige atenção, paciência e uso correto das habilidades. Nessas horas o jogo realmente brilha e entrega momentos épicos.  Outro ponto positivo é o sistema de progressão e builds, que permite jogar de várias formas: mais focado em stealth, combate direto ou usando habilidades especiais. Isso ajuda a manter o gameplay interessante durante muitas horas.  No geral, Assassin’s Creed Odyssey é um jogo gigantesco, cheio de conteúdo e com combates muito divertidos, apesar de algumas atividades repetitivas ao longo da jornada.  ⭐ Nota final: 8.5 / 10  Vale muito a pena para quem gosta de RPG de mundo aberto e quer passar dezenas (ou até centenas) de horas explorando a Grécia Antiga."
183,"É compreensível que o jogo divida opiniões entre os jogadores por fugir um pouco do estilo stealth (mas não completamente) e se tornar um estilo de RPG mitológico épico com foco na narrativa e no combate e em descobrir curiosidades do antigo mundo grego durante a experiência. Aliás, foi algo feito com maestria.  No quesito cenário, há somente críticas positivas. A fotografia e a reconstrução detalhadamente histórica em cada local do mapa torna tudo mais especial (principalmente pra quem, assim como eu, atua na área e tem um carinho enorme pela mitologia e pela cultura grega). É interessante que procuraram reproduzir da forma mais fiel possível até os templos e antigos palácios submersos ou os palácios de Cnossos, em Creta ou Micenas, na Argólida, que mesmo dentro do jogo por volta de 420 a.C. já estavam abandonados e se tornando ruínas, apesar de extremamente detalhados e ainda preservados (nota-se que, sim, é justo considerá-los como ruínas, já que datavam de pelo menos um milênio anterior aos acontecimentos do jogo. Enfim, há diversos outros detalhes importantes pra citar sobre o cenário e as interações e referências no mapa, mas todos são extremamente positivos, como já é de se esperar da saga.  O combate se torna um pouco repetitivo conforme vamos avançando, e os inimigos comuns se tornam patéticos quando focamos na árvore de combate corpo a corpo. As boss fights também não oferecem um desafio real, apesar de divertidas. No final das contas, o melhor a absorver do combate é o naval, pelo realismo das águas e a tensão junto da trilha sonora impecável do jogo; e também as batalhas por territórios após enfraquecer uma nação. O resto se torna supérfluo e, quando focamos em explorar TUDO que o mapa oferece, logo passamos até a ignorar a maior parte dos inimigos e pegamos só o necessário. Ainda assim, uma forma de driblar o cansaço mental da repetição é sempre alternar os tipos de set e armamentos e descobrir novos combos.   Pegando o gancho da exploração, ela pode ser um pouco cansativa pra quem pretende ir fundo. Quando notamos que a maior parte dos locais revelados são postos militares ou acampamentos/cavernas de bandidos, o tédio bate. O maior incentivo é a chance de encontrar partes de armaduras ou armas lendárias pelos locais históricos, a não ser que você seja do tipo que abre o Google e se informa antecipadamente onde os encontrar (não recomendo).   A cereja do bolo (e o recheio (e a cobertura)) é a história. De forma indireta, com quests secundárias na exploração das ilhas, o jogo nos proporciona uma vasta introdução ao estilo de vida, às crenças locais do período, mitologia, conflitos bélicos, além de a própria jornada do personagem ser uma odisseia digna dos poemas de Homero. A DLC de Atlântida dá um toque a mais, mas sinceramente somente o Hades oferece uma atmosfera diferenciada intrigante, enquanto o Elísio e Atlântida oferecem mais do mesmo, tornando-se cansativas ao serem totalmente exploradas.  No geral, acho que não há reclamações sobre a história principal. Ela flui no ritmo certo, sem enrolar muito e sem pular etapas. Prende a atenção, consegue ser até bonita em alguns momentos, e desperta nosso imaginário sobre como seria conhecer pessoas como o historiador Heródoto; os filósofos Sócrates, Demócrito e Pitágoras; políticos como Péricles, Alcibíades, Aspásia, Cléon e Pausânias; dramaturgos como Sófocles, Eurípides e Aristófanes; o artista Fídias e outros mais! Além disso, as potências de Atenas e Esparta são representadas em seu apogeu, fazendo jus à fama eterna.  Senti falta apenas da antiga Ílion (Troia) e outras cidades na atual costa turca que, querendo ou não, eram parte do antigo mundo grego. É irônico querer algo assim, já que levando em consideração a Ilíada, Troia foi completamente destruída, mas mesmo as ruínas seriam dignas de aparecer!  Ainda, há o modo tour que nos proporciona um quase turismo pelas antigas regiões da Grécia, suas histórias e construções. É um jogo belo.   Recomendo para qualquer um que tenha um mínimo de interesse no tema e esteja disposto a gastar pelo menos 100 horas desbravando o mundo antigo.   Análise feita com 88 horas pela steam, mas já havia feito outras mais de 200 horas pela Ubisoft."
184,"Давненько я столько фейспалмов не ловил, как при прохождении этой игры. Тут плохо буквально всё, кроме графики.   Самое огромное фиаско. Это сюжет. Причём весь. От главного квесты до буквально всех без исключения второстепенных. Сказать, что сюжет безумный - ничего не сказать. Безумные сюжеты бывают очень интересными, если их грамотно подать. Здесь же вся игра пестрит просто какими-то идиотскими поворотами и несостыковками. Главная героиня (я играл как и положено по канону за Кассандру, о чём не раз пожалел) режет направо и налево буквально всех - афинян, спартанцев, каких то совершенно левых наёмников. При этом в сюжетных сценах выдаёт речи в духе ""За Спарту! Я же спартанка! За добро! Убивать невинных нельзя!"". Девушка, ты только что вырезала в ноль форт из невинных солдат, попутно сжигая заживо случайно подвернувшихся крестьян. Скажете, что можно этого не делать? Нельзя! Вас каждый первый квест посылает кого-то убивать. Поэтому ощущение, что управляем мы какой-то невообразимо беспринципной мрaзoтой появилось на первом же острове и не покидало до конца игры.  Главная героиня льёт слёзы по Брасиду, которого видела ровно два раза. То и дело вспоминает каких-то невнятных персонажей, которые появляются в двух кадрах сцены второстепенного квеста. Главная сюжетная линия - простить брата, который убил половину Греции и кучу её друзей, включая того самого Брасида. Но он же исправился, вон они всей семьёй с этим мясником сидят и оливки жрут, весело хохоча. Значит, простить и понять нужно. Тьфу.  И повестка. Она просто всюду. Играя за Кассандру, я насчитал три случая, когда можно было завести роман с мужиком. Причём из этих трёх один был похотливым импотентом, а второй - два брата-олигофрена, тупые как пробки, которые не могли по-человечески похоронить отца. Зато лесбиянок игра подсовывала просто в каждом втором городе. Причем система романтических отношений тут так устроена, что отказаться от них крайне сложно. Намеренно выбираешь любой вариант, кроме романтического, а Кассандра всё равно тащит в постель всяких афрогречанок (да, древняя Греция просто кишит сильными и независимыми чернокожими женщинами). Особо сильно у меня полыхнуло, когда я всеми правдами и неправдами отказался от очередного лесбийского перепихона с какой-то очередной воительницей, а она из-за этого по квесту погибла с контекстом, что ""я ей никто, поэтому мне она помогать не будет"". То есть игра буквально обвинила меня в том, что я не лесбиянка. Ну прекрасно просто.  Геймплей - такая же шляпа. Тут есть автолевелинг ВСЕГО. А это значит, что ваша прокачка не влияет буквально ни на что. Враги растут вместе с вами. То есть по факту единственная цель уровней врагов - чтобы вы раньше времени не пришли в другую локацию. Игра просто подталкивает вас к гринду форпостов, не пуская никуда без зачистки.  А зачистка - это отдельная песня. Карта просто циклопических размеров. Но всё, чем она заполнена - это форпосты с врагами. Одинаковые форпосты с одинаковыми врагами. Здесь просто ничего больше нет. Кому пришло в голову, что заниматься одним и тем же на протяжении десятков часов - это весело? Выгоните этого человека из компании и наймите кого-нибудь адекватного.  А главное, выгоните того инфантильного пятиклассника, который вам квесты пишет.  По итогу - просто до рвоты отвратительная повесточная дрoчильня, которая вообще ни каким боком внимания не заслуживает."
185,"O jogo é muito bom, mas é muito grande, aí você pode ver isso como um ponto positivo ou negativo, depende de cada jogador.  No início, eu estava fazendo as missões secundárias, mas aí depois de algumas dezenas de horas jogando, eu percebi que as missões secundárias eram infinitas, incluindo até missões criadas pelos próprios jogadores e eu estava estagnado no jogo e a missão principal não estava andando, então, mesmo jogando a maior parte do jogo focando somente na missão principal, eu terminei o game com 83 horas de jogo e nem comprei as DLCs. E, mesmo assim, ainda tinha muita coisa pra eu fazer no jogo, só tendo o jogo base.  Como eu mencionei acima, é um jogo muito grande. Se você não quer gastar muito com jogo ou não pode gastar muito comprando vários jogos e quer comprar um jogo que dure de seis meses a um ano, esse Assassin's Creed é a escolha certa, mas eu tenho outros jogos que quero jogar na biblioteca, comprei esse Assassin's Creed junto com outros dois Assassin's Creed em uma promoção e garanto que devo voltar a pegar em um Assassin's Creed somente lá pra 2027, no mínimo, porque quero jogar outras coisas.  No mais, é um ótimo jogo. Pra quem viveu a época do Tenchu, que foi o meu caso e depois veio o Metal Gear, Assassin's Creed é o que temos mais próximo no estilo Stealth. Pra quem é fã do gênero, assim como eu, não tenho o que reclamar. É um ótimo jogo pra passar o tempo, porém, fica o aviso que é um jogo extremamente longo."
186,"Создавая эту игру Юбики пытались скопировать Ведьмака, но вышло у них это не очень. От Ассассина тут уже мало чего осталось. -------------------------------------------------------------------------- из плюсов: + Красивый открытый мир + Визуальная часть + Морские сражения + Схватки с мифическими существами + Сражения между Спартой и Афинами -------------------------------------------------------------------------- +- Неплохая боевка и использование способностей +- Прокачка оружия, брони и способностей -------------------------------------------------------------------------- - Полно заданий по типу ""Сбегай, вернись, еще раз сбегай и опять вернись"" - Во многих заданиях нет какой-то изюминки как в том же Ведьмаке 3. - В местах не открытых местоположений (?) тоже всё очень однообразно и опять нету какой-то изюминки, как будто Юбики сделали Ctrl+c Ctrl+v. Взять например лагеря разбойников, там постоянно все одно и тоже: Освободи пленных, убей главаря, убей всех разбойников и забери сокровище, всё, и так в абсолютно всех лагерях. - Задания на время и задания с доски объявлений. Эти задания видимо сделаны для того, что бы просто заработать лишних драхм т.к. они сделаны настолько убого и однообразно, что выполнять их кошмар. Потому что в большинстве случаев тебе надо убить какого нибудь полководца или отнести лекарство или послание. При этом диалоги в этих заданиях сделаны тоже на отъe6иcь. - Диалоги и мимика персонажей сделаны убого и однообразно. - Паркур. Если в более ранних играх серии паркур был сделан реалистично и можно было взбираться только по каким то выступам и т.п. то сейчас взбираться можно по чему угодно, даже по самым гладким поверхностям и взобраться можно почти на все, даже на статуи, на которые казалось бы забраться без чего-то вспомогательного не получиться. - Донат. ♥♥♥♥♥♥ добавлять в сингл-плеер игру ДОНАТ и делать красивые шмотки платными, так еще и за ♥♥♥♥♥♥ бабла?!   Из минусов и плюсов из значительного вроде все, но наверно что-то все таки упущено. В целом если смотреть только на основной сюжет, то игра выглядит неплохо, но если проходить еще второстепенные задания, то взгляд на игру ухудшается.  (!) Игра во многом пытается копировать Ведьмака. (!) В эту игру Юбисофт добавил элементы фэнтэзи , такие как: Мифические существа, прыжки с любой высоты без урона, некоторые способности и еще некоторые мелочи. (!) Игра уже не особо похожа на того самого Ассассина, можно было назвать её просто Odyssey.  В целом игру я мог бы рекомендовать, хоть она и далека от идеала. Надеюсь Ubisoft задумается о фанатах и перестанет выпускать Ассассина каждый год конвеером.  7/10"
187,"Después de invertir 214 horas y completar el juego al 100%, me queda claro que Assassin’s Creed Odyssey fue el punto donde la saga realmente encontró su lugar dentro del mundo abierto RPG. Es un juego ENORME y ambicioso, sí, pero sobre todo se siente hecho con intención y cariño.   Elegir a Kassandra para MI fue clave para que la experiencia funcione como lo hace.  Su forma de ser, su voz y la manera en que transmite emociones hacen que la historia tenga mucho más peso. Es un personaje que se siente presente en todo momento y logra que incluso los tramos más largos del juego mantengan interés narrativo.  Uno de los aspectos que más disfruté fue la exploración. El mundo está diseñado para invitarte a desviarte constantemente del tramo principal.  En muchas ocasiones solo me dedicaba a explorar sin tener una meta fija.  Las misiones acompañan bien ese ritmo y, en general, evitan sentirse como contenido de relleno (excepto algunos casos).   El mapeado es enorme y variado; en algunos DLC puede volverse algo agotador, pero el balance general es muy positivo.  En lo jugable, el combate resulta dinámico y entretenido, y el sistema de habilidades permite adaptar el estilo de juego sin sentirse limitado. La navegación merece una mención especial: manejar el barco es sorprendentemente satisfactorio y aporta variedad sin romper la fluidez del juego. Todo está bien conectado y mantiene un ritmo muy sólido a lo largo de la aventura.  Los logros están bien integrados con la exploración y el contenido secundario, empujándote a conocer el mundo y sus sistemas sin caer en exigencias absurdas. Es largo, sí, pero el camino se siente constante y gratificante.  Los DLC merecen una mención aparte. No solo expanden el contenido, sino que le dan un peso enorme a la historia. La conexión narrativa entre Layla desde Origins, Odyssey y luego Valhalla es simplemente peak Assassin’s Creed. Todo encaja mejor, cobra sentido, y eleva la experiencia completa. En especial el DLC de Hades, que no solo es el que más disfruté a nivel de mapeado, sino que también pega fuerte en lo emocional.  La protagonista tiene un camino marcado por la pérdida, el sacrificio y las decisiones difíciles, pero también por la resistencia y el crecimiento. Los DLC terminan de cerrar ese recorrido, dándole profundidad y sentido a todo lo vivido.  Kassandra, te voy a extrañar. Tu viaje fue duro, largo y hermoso. Si te interesa de verdad esta historia, los DLC no son opcionales: son necesarios.  Recomiendo eso si, en rebaja :P , asi que me fui por la GOLD EDITION. Gracias STEAM por tus maravillosas ofertas -v-"
188,"Greckim jestem ped*łem, doszedłem komuś na sandały. Na kamieniu siedzę i filozofuję, do wniosku dochodzę, że w życiu najpiękniejsze są ch*je. W labiryncie Minotaura wyruchałem. Przez to ch*ja już złamałem."
189,"Один из лучших ассассинов.  Не понимаю почему люди ноют на прокачку. Наоборот благодаря шмоту и скилам можно создать разные билды. Единственное что раздражало это повсеместный феминизм, которому в истории Греции точно не место."
190,"Кредо убийцы в Древней Греции или же AC Odyssey отличная игра которая завершила переход серии на жанр RPG в этой игре прекрасно практически все: графика топ, сеттинг Древней Греции и то как он реализован т.е. адаптации каких-то мифов под задания и боссов мне очень зашли как огромному поклоннику мифологии этого государства, но и на мой взгляд они понравятся и любому другому человеку. Сюжет отличный(гораздо лучше чем в истоках) с возможностью менять его за счет системы выборов. Персонажи классные(проходил за Кассандру) и много исторических лиц. Сам геймплей мало чем изменился от Истоков, единственное переработана абсолютно система способностей и навыков к чему поначалу я относился скептически, но под конец поменял свое мнение. Что не понравилось так это система сохранений проходил на сложности кошмар и очень бесило после смерти спауниться где-то далеко после выполнения какого-либо действия которое могло бы быть каким никаким но чек-поинтом. Ну и конечно система уровней а именно оружий, потому что с противниками даже при автолевелинге(на кошмаре нельзя было выключить) я спокойно справлялся. Для меня просто дико что условное легендарное оружие условно трезубец посейдона спустя 3 уровня ты меняешь на обычное копье крестьянина(Папичу бы понравилось), могли бы сделать для такого типа оружий тоже автолевелинг, а то как-то не то. В целом игра классная и я не жалею потраченных денег и времени на игру и dlc идущие к ней. Всем советую. А вот старперов, которые говорят, что игра дерьмо, что раньше было лучше, и что игра не про ассасина, прошу не пугать новых игроков, потому как всеми вами любимый Black flag тоже не про ассасина."
191,besides the random crashing (typical ubisoft) this game is an absolute cinematic masterpiece
192,"Понятно,что это уже не каноничный ассассин,но отход от канона сыграл в плюс только Тебе просто дают гигачада и огромный красивый мир Греции,становись легендой как Геракл, аналогов нет Сюжет простенький,побочки не душные,в основном тут трагедия или комедия  Если вам заходили фильмы по типу 300 спартанцев,Геракл,Битва титанов и прочее,то определенно игра для вас 130 часов чистить вилкой карту вообще не надоедает,а игры вне анимуса меньше 2ух часов,что конечно же плюс"
193,制作精良，标准的大厂大作，但是出新手村之后，会有强烈的玩法倦怠感，养成系统不明显，更多的是被风景画质吸引，边走边看风景，但是游戏内容过于单调，但是胜在性价比和大体量，这个价格，买不了吃亏和上当，鹰眼的每一帧都值得收藏，站在雕像头顶的那一刻，你会觉得，这么良心制作的游戏，这个价格也就值了。  适合不急不忙，慢慢玩支线，慢慢看风景的玩家，游戏带不来爆装备的即时快感，但也有完成任务的部分成就感，最突出的就是优化和画质，同类型的玩法胜出，优化也不及。
194,"18/20 – Exceptionnel  Sûrement mon Assassin's Creed préféré, tout simplement.  Tout est réussi dans ce jeu : la quantité de quêtes, les nombreux éléments RPG, les activités proposées et l'immensité du contenu. J'ai également fait tous les DLC et terminé toutes les quêtes scénarisées du jeu, ce qui m'a permis de profiter pleinement de cette grande odyssée en Grèce antique.  J'ai adoré parcourir cet univers rempli de personnages historiques, de créatures mythologiques et de divinités issues de la mythologie grecque. Les quêtes secondaires sont d'une qualité très correcte et certaines proposent même des histoires vraiment intéressantes. Le monde ouvert est magnifique pour un jeu de son époque, avec des paysages colorés et lumineux qui rendent l'exploration très agréable.  L'aventure principale est plaisante à suivre, avec de nombreux moments épiques, mais aussi des passages plus émotionnels. Le gameplay offre énormément de possibilités grâce à la personnalisation des compétences, des styles de combat, de l'équipement et des apparences. La possibilité de créer différents builds en fin de jeu est également très appréciable (j'ai terminé le jeu au niveau 78).  Les options d'accessibilité liées à la difficulté sont très bien pensées et permettent d'adapter l'expérience à son envie. La durée de vie est tout simplement gargantuesque.  Je recommande sans hésitation, surtout si vous aimez les magnifiques paysages ensoleillés de la Grèce, les Spartiates, la mythologie grecque… et la feta ! 😄"
195,origins ve valhalla bitirmiş bi salak olarak bu oyunu es geçtiğim için çok üzüldüm en iyisi buymuş aq ya
196,"Malaka! que jogo bom, dá pra platinar em uma Run, mas tem que ter paciência, é muita coisa pra fazer, explorar, upar, mas pra quem gosta do estilo, é um prato cheio, vale muito, boa jogabilidade, dá pra fazer várias builds, vários estilos de gameplay."
197,起初还是很有意思的，玩过几天之后几乎就变成了刷装备游戏，内容重复枯燥，战斗体验极差。
198,"Прошёл основной сюжет, закрыл ветку с отцом и полностью выпилил Культ Космоса. На всё ушло 66 часов. Игра понравилась именно за геймплей и боевку, а вот сюжет, откровено говоря, какой-то бред. Тем не менее, красивейший мир, масштаб и кайфовый азарт от охоты на культистов затягивают наглухо. Но под конец геймплейная рутина все-таки дает о себе знать, наступает дикая усталость. И только я выдохнул, избавившись от одного культа, как в первом же DLC мне сразу подсовывают новый 🙄 Опять списки целей, опять выслеживание тут меня уже окончательно надоело. Зато искренне удивило появление Дария. В игре про ассасинов я уже вообще не ожидал увидеть… хотя бы одного ассасина. Честно думал, что на них в разработчики окончательно забили. Очень надеюсь, что под конец этого дополнения нам хотя бы дадут побегать с нормальным скрытым клинком. Отдельно хочу отметить прайс за $10 за Gold Edition это просто гигантски выгодное предложение. Помимо всех DLC для Одиссеи, в комплект дают ещё Assassin’s Creed 3 Remastered, в который входит и ремастер Liberation. За эти деньги получаешь просто тонну контента.  Итог: Первое DLC только начато, но продолжать прямо сейчас сил тупо нет игра отправляется на полку. Свою порцию эмоций и финал основной истории я получил, а к допам, возможно, вернусь когда-нибудь потом. Игру однозначно рекомендую! 7/10."
199,刺客信条系列入坑作，剧情方面主线我都不记得干了啥事了，倒是几个DLC剧情记得挺清楚的，古希腊爱琴海风光很好看，这游戏的DLC内容量和主线都基本五五开了，而且补全了很多世界观内容，要玩最好一起玩，而且最好在主线结束后玩，先玩第一把袖箭再玩亚特兰蒂斯，战斗方面主角性能历代第一，没有掉落伤害，无论什么地方随便攀爬，正面无敌，无脑英雄一击，潜行也无敌，飞雷神太爽了，马拉卡，地图内容量大管饱，我第一次吃罐头给我吃美了，不过后面就玩不进去起源和英灵殿了，神话三部曲确实是三选一玩就行，三个都能玩下去那真是天生罐头圣体了，
200,I may have developed a parasocial relationship with Kassandra. I hold no shame nor regret only downbad passion and degeneracy.  Game is really good and I think people who dismissed it are missing out
201,"Apres les 3 jeux sur l'histoire d'Ezio, Odyssey est le SEUL Assassin's Creed digne d'etre joué ! Tant sur le gameplay que sur l'histoire, il est magnifique...  Juste une question : pourquoi Ubisoft nous sort des AS indigestes au possible sur depuis cet opus ? L'aspect assassin est mis de coté, le coté guerrier n'est pas mieux non plus (que ce soit Origins ou Valhalla, c'est nul)... j'espere vraiment qu'on retrouvera un AS de la qualité d'Odyssey... meme si j'y crois pas  Bref... Odyssey, a faire et a refaire !"
202,"Personnellement, il restera le plus complet des AC, pas le meilleur, mais disons que je pense que si on prend l'histoire de la franchise, ce sera le plus complet, le plus bel open world.  En revanche soyez conscient des défauts : - En 200h je n'ai jamais mené le jeux jusqu'à son terme, je le lâche toujours après la fin de la quête principale (difficile de na pas vous spoiler, vous comprendrez) - le grind nécessaire est difficile a supporter sur certaines zones, associer a la répétitivité infinie de certains éléments de gameplay - La boutique a outrance, le sac a PV que représentent les énemis élites..  Mais cela n'enlève pas les aspects positif merveilleux : - Le plus belle open world historique, je me suis perdu un nombre de fois impressionnants dans les rues des différentes villes, dans la nature - Un doublage trés trés satisfaisant et un acting/graphisme qui aidera l'immersion  ne le payez pas plein tarif, mais en réduction, si vous avez du temps, je vous le conseil."
203,完全奔着马拉卡和希腊世界购入的游戏（之前只通关过大革命）。画面是真的很美，太美了！！！足不出户了解当地人文风情，进一步加深了我想去地中海区域旅游的想法。咱甚至还去了解了两位主角CV的故事和一些制作游戏相关的记录视频（天）。  支线任务很多，多到根本肝不完，多到看到满地图的问号怀疑人生（强迫症慎入）。探索遗迹有点难受（我就菜），漆黑一片有些时候还指向性差，全靠一点点的摸。武器选择性很多但匕首绝对常伴在身，点数建议先上刺客和猎人（狂战士除外）。主线剧情还行7/10分（没买DLC因为看到风评很差），探索度和开放程度也很大，技能和装备成长很有成就感。  能见到书上的神话生物真的感动到我两眼热泪。全明星阵容的历史人物，对这个时代历史感兴趣的人完全是边学边玩，太爽了。武器搭配和服装上也绝对完美点在我的审美上，爱死这个时期的服饰。  另外剧情可通过选择对话内容来进行变动这一点很新颖，以及奥德赛番茄酱有点多到吓人，建模有些地方也很渗人，胆小者进山洞或古墓可能会被吓到。  缺点：育碧常驻友军→BUG贼多，金币不好刷。有一些支线我真的谢了，你们有手有脚能帮卡姐做点算点行吗？而且很多任务在后期会觉得重复度高。操作上（手柄玩家）一些键位感觉会冲突，可能是我跑酷不酷（笑哭）。满地图的支线任务会做到哭。  总体来说是一款内容丰富、能肝很久的终极大罐头（上次见到满屏任务还是玩[spoiler]上古卷轴5[/spoiler]的时候），肝好建议全成就地图全清，推荐给喜欢开放世界并且身体好的肝帝。 [b]卡姐威武！！！[/b]
204,"nomas llevo 6 hrs y puedo decirles que apenas pasé la intro de Assassins Creed, esto va para largo, pero sin duda yo creo que serán las mejores 80hrs de mi vida... cuando termine el juego volveré para actualizar mi reseña."
205,"He jugado todas las entregas de la Saga y las criticas que tiene este juego sobre que es muy largo no las entiendo, vengo del Valhalla que es el doble de largo que este y no se me hizo pesado, largo ni repetitivo, la historia de Kassandra/Deimos me parece espectacular, las historias secundarias te hacen conectar y querer al protagonista y está muy buena la historia de Grecia, Leonidas y Atenas mezclada con el mundo ISU, entiendes muy bien el Lore Isu de las primeras entregas de la Franquicia, y de como te explica un poco del AC Origins, como te prepara para el Valhalla... El sistema RPG se me hizo bastante adictivo, mapee todo al máximo y no se me hizo pesado para nada. Es una locura, a mi que me encanta el mundo Griego, las batallas espartanas y todo el mundo y mitologia Griega, flipe con todo, lo volvería a jugar. Una absoluta barbaridad de juego, mis 10. Lo super recomiendo."
206,유비식 오픈월드 맵 디자인이랑 그래픽은 훌륭하나 오픈월드에서 뭘 할 수 있을까 하는 기대보다 이 많은 복붙 퀘스트를 언제 다 깨냐 한숨부터 나와서 지루함
207,刺客信条一直以来的不跳跃会让玩了其它第三人称游戏的玩家不太喜欢，这部很耐玩，管饱，别充钱买上点的东西，我自己充钱买完了，现在才知道那些东西可以刷
208,"I absolutely loved Assassin’s Creed Odyssey. The open world is massive and beautiful, the graphics still hold up incredibly well, and there’s so much to enjoy — from the variety of weapons and combat styles to the different modes, exploration, and action. The story is engaging, and the world of ancient Greece genuinely makes you want to keep exploring.  But… there’s one big problem: this game is LONG. Really, really long.  The sheer number of side missions eventually becomes overwhelming. After a point, many of them start feeling repetitive, with similar objectives, setups, and encounters repeating over and over again. You can easily get distracted exploring the world or completing side quests, only to realise you’ve completely lost track of what was happening in the main story.  And that’s exactly what happened to me.  After a ridiculous 237 hours of gameplay, I finally decided to uninstall the game — not because I stopped enjoying it, but because I wanted to move on and play something else! 😂  Verdict: An amazing open-world experience with beautiful visuals, satisfying combat and plenty of content, but sometimes too much of a good thing can be a bad thing.  Now, excuse me while I recover from the 237-hour commitment. 😭🎮"
209,"Про Assassin's Creed Odyssey: Действие новой части разворачиваются в древней Греции. Игроку предоставлена огромная карта с большим обилием заданий. Проведя в игре 75 часов я успел закончить основной сюжет и пройти все 2 DLC, но всё ещё в моём списке заданий осталось кучу недоделанного. Глобальность игры действительно поражает, но думаю её стоит обсудить детально. Про DLC: В игре представлены 2 DLC. Логично будет начать с первого, а именно ""Наследие первого клинка"". История, которая повествует о самом начале зарождения братства ассасинов. Спойлерить не хочу, так что скажу лишь то, что оно наполнено отличными диалогами, сюжетом и даже небольшой драмой. Помимо этого, вы получите новое улучшение для вашего корабля, В общем отличное DLC как в качестве истории, так и нового игрового опыта. Второе же DLC - ""Судьбы Атлантиды"". Игрок буквально отправится путешествовать по разным мирам. Тут тебе и рай Элизий и царство Аида и конечно же, сама Атлантида. На протяжении всего DLC, события будут тесно переплетаться с Ису. Также во время прохождения, игрок будет постепенно обзаводиться новыми способностями, всё это сопровождается интересными миссиями и отлично прописанными сюжетными персонажами. Так что не смотря на не самую высокую оценку DLC в Steam, мне понравилось.  Минусы: На удивление в такой большой игре, я их не встретил. Скорость загрузки, оптимизация, здесь не к чему придраться. А из багов, местами странная коллизия у NPC. Плюсы: Игра хороша буквально всем. Очень порадовало качеством озвучки и локализации на русский язык. Атмосфера Греции передана просто шикарно. Все эти домики из глины, люди говорящие на непонятном вам языке, сам стиль ландшафта и локаций - всё это погрузит вас с головой на много веков назад. Помимо всех прочих плюсов, хотелось бы обратить внимание на жанр данной части игры серии Assassin's Creed. После момента выхода Assassin's Creed Origins, которая стала отправной точкой к изменению жанра игр серии, игроки разделились на два лагеря, одни приветствовали обновлённый геймплей, другие же наоборот разочаровались от уровней противников, оружий и огромной карты. Так вот хотел сказать, что подобное решение о кардинальной смене стиля игры пошло на пользу. Оно позволило расширить привычные рамки. Теперь игрок может отправится в древнюю Грецию, Египет или Японию. К тому же, сюжетно, новые части отлично вписываются в общий лор серии. Итог: Assassin's Creed Odyssey получилась отличной. Графика, локализация, 2 отличных и интересных DLC, точно не дадут вам заскучать. Местами сложная, игроку даются настоящие испытания, так что любители хардкора, также смогут найти здесь временное пристанище. Как и Assassin's Creed Origins, игра приняла жанр экшен-рпг, поэтому дилемма - ""Раньше было лучше"" остаётся открытой, но не смотря на неё, игра мне очень сильно понравилась, ставлю 10 спартанцев из 10, однозначно рекомендую."
210,如果你是古希腊文化爱好者慕名而来，非常强烈推荐你立即购买此游戏 90/100 如果你是一般路过游戏爱好者，建议史低购买此游戏或不购买此游戏 59-75/100
211,算是玩的第一部刺客信条，算是玩通关全成就的第一部游戏，算是买的育碧家的第一款游戏，前期游玩期间非常上头，当知道游戏大致的游玩模式和机制之后非常上头，这种上头的感觉大概能持续到四五十个小时的时候，战斗手感不错，玩刺客流的话需要一点点策略，剧情有点拉了就是，七八十个小时的时候差不多能推到dlc，实在肝不动了只好开了风灵月影，但是亚特兰蒂斯风景超级好看！综合来讲如果你只花六十多买了完整版的话很值，可以无脑入了
212,"Assassin's Creed Odyssey ist für mich eines der fesselndsten Spiele der gesamten Reihe. Schon nach kurzer Zeit zieht einen die riesige Spielwelt so sehr in ihren Bann, dass aus „nur noch einer Quest“ plötzlich mehrere Stunden werden. Der Suchtfaktor ist unglaublich hoch, weil es überall etwas zu entdecken, erledigen oder erkunden gibt.  Besonders beeindruckend ist die wunderschöne offene Spielwelt. Jede Region fühlt sich einzigartig an und steckt voller Details, sodass das Erkunden nie langweilig wird. Egal ob man über das Meer segelt, antike Städte besucht oder abgelegene Inseln entdeckt – die Karte lädt ständig dazu ein, vom eigentlichen Ziel abzuweichen und neue Abenteuer zu erleben.  Auch die Story weiß zu überzeugen. Sie ist spannend erzählt, emotional und wird von interessanten Charakteren begleitet. Dazu kommen die vielen Entscheidungen, die dem Spiel eine persönliche Note verleihen und die Reise noch intensiver machen.  Das Gameplay bietet enorm viel Abwechslung. Kämpfe, Schleichpassagen, Erkundung und Rollenspielelemente greifen hervorragend ineinander und sorgen dafür, dass selbst nach vielen Stunden kaum Langeweile aufkommt.  Insgesamt ist Assassin's Creed Odyssey ein Spiel, das mich von Anfang bis Ende begeistert hat. Eine wunderschöne Welt, eine mitreißende Geschichte und ein unfassbarer Suchtfaktor machen es für mich zu einem absoluten Meisterwerk. 5 von 5 Sternen sind eigentlich noch viel zu wenig. ⭐⭐⭐⭐⭐"
213,"Not your classic AC game like how they used to do it, but extremely fun in its own way"
214,"★★★ ""고대 그리스를 맵에서 충실히 아름답게 표현했으나 스토리와 게임성은 다소 부족함"""
215,"Me encanta estos tipos de juego, este en particular tiene harto que hacer. A escuchar musica y jugar :)"
216,아테네 가는 비행기 티켓 대신에 어쌔신 크리드 오디세이 사세요 역사 문학 좋아하면 최고의 게임 솔직히 퀘스트는 반복되는 느낌이 있긴 하지만 그래도 전투/암살이 너무 재밌고 무엇보다 배경이 너무 사기임
217,[h1] 【總評】 拋棄傳統的「古希臘超人無雙」，配裝更有深度，只管享受純粹的戰鬥反饋。 [/h1]  ● 優點： 【配裝深度】 RPG系統在這一作迎來完全體，刷詞條、湊流派，配裝玩法非常有深度。 【正面戰鬥】 配合各種花哨技能，戰鬥反饋極佳。這一作並沒有逼玩家硬鋼，潛行依舊好玩，只是因為加入了更多Boss戰和戰場玩法，正面衝突的戰鬥變得更多了。  ● 缺點： 【劇情表面】 所謂「丟掉大腦玩」是因為主線劇情寫得太表面、缺乏深度，簡而言之就是找家人。而現代線在這裡也僅僅是承上啟下、連接起源與英靈殿的工具，地位沒有那麼高。 【細節退化】 跑酷依舊普通，甚至連火把燒蜘蛛網等前作的環境交互細節，在這一作都退化沒了。 【地圖虛胖】 地圖很大，但實質上是任務點之間的間隙拉大了，導致無意義的跑圖時間變多。  【購買建議與提醒】 如果你不在意劇情，只想找個量大管飽、能刷詞條解壓的遊戲，這作是三部曲首選。 本作正式開啟神話敘事，但要記住神話只是古人眼中的外殼，本質依然是第一文明（伊蘇人）的古代高科技。刺客信條重要的是「信條」不是「刺客」，這一作在世界觀內核上依舊是AC。
218,"Ótimo jogo, recomendo, belo visual, traz conhecimento da cultura grega, personagens históricos e ótima gameplay."
219,"Piękna jest Grecja, piękna jest i Kasandra. Jeśli ktoś lubi czyszczenie mapy z pytajników to znajdzie tutaj ciepłe i miłe dla oka źródełko. "
220,"Personally, the best AC game to date. Love the storyline, the content, and the fact that your choices can actually change outcomes."
221,三部曲里的起源前传，RPG养成元素还是粗糙不如修改器体验好，主线支线体验还行，亚特兰蒂斯真是一坨屎的DLC。
222,"Está muy alejado de lo que es un Assasin's Creed clásico pero es un gran juego, disfruta el pasiaje, el mar y la música, es un buen RPG de fantasía griega, lo vas a disfrutar si te gustan los juegos grandes y con exploración extensa"
223,"Jogo lindo e extremamente bem ambientado, mas do que adianta? As telas de loading foram eternas. Diversos travamentos durante o jogo.  Aviso que há um desbalanceamento de nível de progressão para a história principal, deixando o jogo repetitivo e cansado.  O jogo te obriga a fazer diversas missões secundárias, ou o famoso grind para continuar na missão principal. O problema é que essas missões secundárias são extremamente repetitivas e desinteressantes.  O combate corpo a corpo não me agradou. Porém o modo assassino ou stealth foi gostoso, não tive problema com o modo.  É um jogo criativo, mas a história principal e o grind não me manteram com ele até o final, alguns jogos não precisam ser longos para serem bons."
224,"Assassin's Creed Odyssey mein Liebster Assassin's Creed, ich mag meinen alexios   besonders Flexibilität und seine Bösewicht zu spielen alles guter Charakter eigentlich der Demos der Bösewicht. Ich liebe Assassin's Creed Odyssey die Möglichkeit der Charakter beeinflussen Dialogoptionen den Verlauf der Geschichte, Quest-Ergebnisse und Beziehungen zu NPCs unbegrenzte  Zufallsmissionen Spaß machen egal wie viel spielstunden habe ich. Ich liebe Assassin's Creed Odyssey spielt im antiken Griechenland, genauer gesagt in der Epoche des Peloponnesischen Krieges zwischen den Jahren 431 und 422 v. Chr. Liebe antikes Griechenland finde es schade gibt keine zeitmaschine in die Vergangenheit reisen kann oder holodeck"
225,"[H3][b]Ótimo Jogo.[/b][/H3]  Assassin’s Creed Odyssey é aquele tipo de jogo que te faz esquecer que está apenas jogando e te faz sentir realmente vivendo dentro de um mundo. Ambientado na Grécia Antiga, ele entrega uma experiência gigantesca, cheia de vida, personalidade e escolhas que realmente impactam o rumo da jornada. Desde o primeiro momento, a sensação é de estar diante de algo grandioso, onde cada decisão, cada diálogo e cada combate contribuem para construir uma história que parece verdadeiramente sua.  O ponto mais marcante do jogo é a sensação de liberdade. O mapa é vasto, detalhado e cheio de atividades que não parecem apenas “tarefas”, mas sim partes naturais de um mundo em funcionamento. Explorar ilhas, mergulhar em ruínas submersas, participar de batalhas épicas e desvendar segredos é algo que flui com naturalidade e curiosidade genuína. A Ubisoft acertou em cheio na construção de um cenário que não só impressiona visualmente, mas também transmite atmosfera, cultura e vida.  A narrativa é outro destaque. Poder escolher entre Alexios ou Kassandra não é apenas uma decisão estética; ambos oferecem uma perspectiva própria, e o desenvolvimento do personagem ao longo da campanha cria um forte vínculo emocional. As escolhas no diálogo realmente importam, gerando consequências, fortalecendo relações ou criando conflitos inesperados. É um RPG que respeita o jogador e permite que ele seja o protagonista do próprio destino.  O combate também merece elogios. Dinâmico, intenso e ao mesmo tempo estratégico, ele mistura habilidade com equipamento, habilidades especiais e posicionamento. Enfrentar mercenários, exércitos, criaturas lendárias e inimigos poderosos nunca cansa, porque o jogo sempre encontra formas de variar os desafios. A progressão é recompensadora, incentivando o jogador a evoluir, testar novas builds e buscar melhores equipamentos.  Visualmente, o jogo é impressionante. A direção artística é forte, as paisagens são memoráveis e a trilha sonora consegue amplificar cada momento, desde cenas emocionantes até batalhas épicas. Mesmo em longas horas de jogo, é difícil não parar por alguns segundos apenas para admirar o cenário.  No fim, Assassin’s Creed Odyssey não é apenas mais um capítulo da franquia; é uma experiência completa, rica e envolvente. Um jogo que combina exploração, narrativa, combate e imersão de uma forma que prende do começo ao fim. Se você gosta de mundos abertos, RPGs profundos e aventuras épicas, esse é um daqueles títulos que simplesmente não podem ficar de fora da sua biblioteca."
226,DLC相当优秀，满足了我对古希腊神话的幻想，无敌的画质和神话场景，除了惊艳没其他形容词了。缺点就是一如既往的罐头，而且DLC还换着法给你玩罐头，不仅影响游戏体验，反而让不少玩家反感这种反反复复刷等级才能开门的设定。
227,ㅈㄴ 광활하다 ㅈ만한 말리스도 넓은데 지도 보고 존나 설렘  그리고 현상금 사냥꾼 나타날때마다 이 새끼를 어디서 발로 까서 죽이지 생각하면  가슴이 두근댄다 나보다 레벨 높은 놈들 찾아오면 일단 높은 곳으로 유인해서 발로 까서 죽여버리자 ㄱㄱ
228,"Игра заслуживает топовое место в рейтинге Ассасинов. Очень шикарная графика. Обожаю море в Одисее. Нравится отсылка к мифологии. Если могли всю линейку Ассасинов делать как эту, цены им не было. Спасибо за такой шедевр - это моё мнение"
229,"Pucha aproveche la oferta, y tenía ganas de jugarlo otra vez... Porque sigo otra vez??... Porque este juego lo había comprado por ubisoft y me robaron la cuenta... Sospecho de mi amigo shaders, como venganza porque me garcho ala mamá... Está bien está bien, bien jugado shaders!... Pero ahora yo tengo mi propia odisea con tu madre JA JA JA JA... Buenos graficos, la historia me aburre ya que lo di vuelta como 6 veces si este juego klao lo tenía hasta en la PS4 🤣.."
230,也許當年遊玩時，也有人心裡與我所想一致，這個基於（改編於）古希臘歷史世界風格主題，如果抽換成同樣基於（改編於）春秋、戰國時代的武俠風格主題的遊戲的話， 身為一名帶鷹俠客（俠女），周遊列國、參訪稷下學宮、遊東海之濱、登泰山而小天下，行走於諸國廟堂與郊野草莽江湖，見證當時代的歷史名人、名場景或基於歷史加以改編的名場面，那該有多爽！
231,yunan doprakları adacıkları güzel ay layk it originse kıyasla dünya bir tık daha içine çekiyor atmosferiyle ama kesinlikle gamepadle oynanmalı pc portu yarrak gibi
232,育碧罐头集大成之作。剧情是一场彻底的灾难，讲的是神人一家大战邪教。人物塑造僵硬扁平，各种无聊任务充斥着难绷俏皮话。所幸量大管饱，喜欢探索世界看风景和刷刷刷的玩家有福了。
233,"Peguei AC Odyssey em uma promoção por menos de 30 pilas e te indico fazer o mesmo. Quanto a análise: O jogo é extremamente bem feito. Apenas joguei a trilogia do Ezio, então existe o bônus de eu não estar saturado com a franquia. Cenários lindos, personagens bem feitos e gameplay bem fluida. Indico muito esse jogo que, apesar da sua clássica fórmula ubisoftzada, vale muito a pena jogar."
234,前一百个小时很好玩，到冥界就没什么动力了，名副其实的大罐头
235,"Ця гра буквально дала мені ковток свіжого повітря. Захопливий світ моєї улюбленої стародавньої Греції, не менш захопливий сюжет, історичні постаті. Також по класиці купа грінду і зачистки аванпостів. Проте, якщо це для вас, як і для мене, — гарний спосіб зачілитись, то в цьому світі ви не засумуєте)  Чесно скажу, в якийсь момент настільки мене це все затягнуло, що я поза грою переслухала купу подкастів і відео про історію стародавньої Греції (я з дитинства хейтер історії)  Я думаю, це все ж про щось каже))"
236,"За почти 80 часов в ACO я познал мир греции, сходил в музей и посмотрел на статую давида, еще потерял много нервных клеток из-за того что на 21 лвле ко мне подбегал наемник 30 лвла. Вообщем купил два дополнения, наверное закрою на все ачивки. Подойдет не всем ассасино-дрочерам, нету клинка из руки, и капюшонов толком нет но мне игра защла 10/10"
237,"Если не думать, что это Assassins Creed, то игра приобритает совершенно другие краски. Игра очень красочна, и интересна, да, местами сайд квесты одинаковы и не очень, но если и об этом забыть, то игра очень даже не плоха. Давно я не видел хороших игр с сетингом Греции и её мифологии."
238,"This is honestly the GOAT of AC games. It still holds up... incredibly well. This is a game you can easily sink hours into. I have no problem with the rpg aspects of it, doesnt bother me at all. I like putting together a strong build. The map is fantastic, maybe the best AC map ever. I have done near full Kassandra base game and Alexios full base game +dlc. Both are great characters. Highly reccomended, especially if you can get it on sale with the DLC."
239,终于，终于全成就了，一路走来不容易呀，从秩序神教到上古维序者，从神话生物到亚特兰蒂斯，一路不解释直接杀就完事了，最狂战士的一代，到后期百暴加暴伤，一刀就是百万秒天秒地，飞雷神进场接一个狂袭，直接变成割草游戏了 不过我肯定是不会再去打这个游戏的二周目了，真的累，我估计全成就打完之后就再也不会打开这款游戏了，玩着真的累，从A点跑到B点，再从B点到C点杀个人，再从C点跑回A点完成任务，就这样一直循环，直到任务结束，装备成型之后就没有对手了，两刀就给劈死了....... 总结：史低完整版才不到50那还要什么自行车呢，量大管饱，造就完了！
240,"Ambientado na Grécia Antiga, o jogo não apenas recria paisagens deslumbrantes com fidelidade artística, mas também oferece uma narrativa envolvente que mistura mitologia, filosofia e política com maestria. Você não joga apenas como um guerreiro; você vive como um herói moldado por escolhas, enfrentando deuses, monstros e dilemas morais que ecoam os dramas das tragédias gregas. Cada combate é uma dança coreografada entre estratégia e brutalidade, e cada ilha explorada é um convite à contemplação histórica. É como se Homero tivesse escrito um RPG moderno e você é o protagonista da Ilíada que nunca foi contada. Se você busca aventura, profundidade e beleza, Odyssey é mais que um jogo. É uma epopeia interativa."
241,"One of the biggest strengths of Odyssey is its breathtaking recreation of Ancient Greece. From Athens to Sparta, from sunny islands to dense forests, the world feels alive. Every region has personality — political conflicts, myths, wars, and side stories everywhere.  The scale is massive. And I mean MASSIVE. At times it feels overwhelming, but if you're the kind of gamer who loves getting lost in exploration, this is paradise.  ⚔️ Combat & Gameplay  Combat is fast, ability-driven, and very RPG-focused. You choose between:  Hunter (ranged)  Warrior (melee)  Assassin (stealth)  Unlike older Assassin’s Creed games, stealth is optional. You can go full warrior mode and destroy entire forts if you build your character right.  Naval combat also returns, and upgrading your ship feels meaningful. Boarding enemy ships never gets old.  📖 Story & Choices  You play as either Kassandra or Alexios, and the dialogue choices actually impact relationships and endings. That RPG depth makes it feel more like The Witcher than classic Assassin’s Creed.  However, because the game is so long, the main story sometimes loses pacing. There are moments where you have to grind side quests to level up, which can feel repetitive.  This is not a 20-hour story. This is a commitment.  ⏳ Length & Time Investment  Let’s be honest — this game is VERY long.  Main story: ~45–60 hours  With side quests: 80–100+ hours  Completionist: 120+ hours  If you enjoy long RPGs, you’ll love it. If you prefer tight, focused narratives, it might feel bloated.  🎵 Visuals & Sound  The environments are stunning. Sunsets over the Aegean Sea, marble cities, and mythological creatures look incredible.  The soundtrack perfectly captures the Greek epic atmosphere. Voice acting (especially Kassandra) is excellent.  ❌ Weaknesses  Repetitive side activities  Level gating forces grinding  Feels less like a traditional “Assassin” game  Can cause open-world fatigue  ⭐ Final Thoughts  Assassin’s Creed Odyssey is not just a game — it’s a long journey. It rewards patience and exploration but demands your time.  If you're someone who enjoys massive RPGs with skill trees, loot systems, and a world full of content, this is a must-play. But be prepared — you’re signing up for an epic.  Final Score: 8.5/10 Beautiful, addictive, but undeniably long."
242,玩不下去，光是进入游戏就已经感到力竭、头晕、恶心、想吐，游玩多款刺客信条应当被纳入医保项目
243,前期剧情很有张力，中期感觉乏力，后期就是流水账了，画面和角色各项技能的设计还是非常出色，但是没有这些优点与缺点也构不成一个大家熟悉且完整的育碧了不是嘛！👌
244,AC serisinin kronolojik olarak ilk oyunu ve bu oyun filan değil kardeşim direk antik yunan + yunan mitolojisi simülatörü.
245,"adamlar efsane oyun yapmış, ben böyle az vakti olan, o vakti de dolu dolu eğlenmek isteyen, eğlenirken de sıkılmadan su gibi akmasını isteyen biriyim,  tam olarak o oyun bu :)  dipnot: rdr2 at binme mekaniğinden sonra bu oyundaki at binme mekaniği , stresli bir gecenin ardından viski içip havuzun kenarında kavun yemek gibi rahatlatıcı geldi."
246,"It´s very funny, the game has an interesting story and plot, with 2 eligible protagonist, they´re well written, gamplay is  funny and entertaining, but my problem goes with the fact that the game is SO HUGE, you feel overwhelmed with the hundreds of missions, side quest, spots and animals to kill, the RPG system of this game didn´t convice me, also, the pacing is slow and it is the main reason of why I quit the game, I may finish it some day, but, the game is good, it just turns monotonous after a while, if u like huge games amd like good story games, this is your game, u should give it a shot, but, in my case, it´s not my game type."
247,风景很好，可以作为观赏风景买，但是是一个超大罐头，dlc都没打完，刚进入亚特兰蒂斯，就是在干不下去了，尤其冥界屎，风景更是屎，只有一种颜色基调和滤镜。综合评价中等。
248,"A great AC game - large landscape/map, fluid fighting and great ship combat. Huge amount of content."
249,起源的高配版，一样的味，技能系统相对更丰富，最喜欢飞雷神（起源太单调了.....）  比较喜欢dlc的神话系列，从极乐杀到亚特兰蒂斯，卡姐真帅吧    当然 现代线的剧情依旧是shit，动不动打断角色扮演的沉浸还强行降智 袖箭dlc和前作联动很牵强....  [u]关于重复刷据点的问题，奔着育碧游戏来玩的估计也不会介意这个，后面成神技能当割草游戏了，不过神话几个世界还要清据点也太难绷了[/u]
250,"i dont understand the hate towards this piece of art, prob people just dont know how to enjoy games anymore. this game is just beautifull. people are crazy hating on this game just because the title is assassin creed. they prob not enjoying it because they only play linear game and dont know how to enjoy open world rpg game. this game is overhated maybe the ending is not what i expected to be that cliche i expected more drama and emotion in the ending. anyway i still exploring the dlc and this is my comfort game i cant wait to play ac valhalla cuz i really like vikings."
251,这个游戏值得满分，无论是游戏的剧情，战斗机制，优美的风景……无比庞大的地图，让人欲罢不能，随随便便就是一百个小时。 价格才几十块，体验超值。 唯一的问题是玩了一百个小时后觉得累而已……这个也能怪游戏吗
252,"Für mich immer noch der beste AC Teil. Ich liebe das griechische Setting, die Grafik ist toll und die Gefechte zu Land und zu Wasser sind episch. Fazit: Sehr empfehlenswert!"
253,"I don't know which one is more tedious, the ♥♥♥♥♥♥♥ Ubisoft launcher that doesn't work half the time or the terrible grindy game design as Ubisoft in its great wisdom decided to add microtransactions to a singleplayer game and made the game just frustrating enough to push you into buying them.   The game is fun and the world is gorgeous, but if you are dedicated to playing this game I recommend you get one of those mods that allow you to modify enemy health multipliers - unless you're planning to spam your attack button for a minute straight for every enemy."
254,画面更艳丽 神话气息最重 风景很好看 无形者起源的起源 跨越千年的传承 希腊炮王 神三体验最好的一部 就是没有袖剑 想你了卡姐 马拉卡！
255,"ожидал: тихий убийца, скрытность, паркур. Получил: ораторское искусство, философские дебаты с каждым встречным, симулятор древнегреческого туриста. 10/10, забыл как выглядит мой персонаж в стелсе. ж ц то и тд"
256,"Basic Ubisoft open world game set in ancient Greek. Good ship combat, lots of side quests and big boss fights. The overall story of the base game is decent."
257,You can’t disable community photos which means you’re forever accidentally opening user submitted photos that are often just straight up nude characters.
258,"Hello,  I would like to request Turkish language support for your game on Steam. There is a large Turkish player community, and adding Turkish would make the game much more accessible and enjoyable for us.  Thank you for your consideration."
259,"(6/10)  This game, like most Assassin's Creed games I've played, is boring as hell. This game is a perfect depiction of the phrase ""wide as an ocean, deep as a puddle"".  --- The bad ---  It may have 1 quadrutrillion quests and a main quest that lasts 50 hours. Few of them are actually worth doing. The stories are rarely interesting and the gameplay is repetitive as ♥♥♥♥. ""Go here, kill this guy, come back"".  The open world is massive. It's also very empty and non-interactable. The NPCs are all nameless and braindead. Few buildings are ever enterable. The environments themselves cannot be interacted with in any meaningful way; it doesn't have the climbing of Breath of the Wild, the destructibility of the Battlefield games, the interiors of a Bethesda game. Nothing. The open world is merely set dressing for the main quest, it feels as though it is merely the background rather than the focal point of your sandbox.  And speaking of the game's main story, it's not the worst, but it artificially drags itself out for way too long. If it was 15 hours long, sure, I might have liked it. But it doesn't. It's extremely repetitive and by the end of the game you'll feel glad to leave it behind you, rather than sad that the journey is over. None of the characters are really interesting or memorable, except perhaps the ones based on historical figures. The voice acting is subpar.  The combat is also not particularly pleasant, in my opinion. I generally like that sort of souls-like combat system full of dodge-rolling and parrying and stuff like that. But it doesn't work too well in this game due to the RPG mechanics, which makes just about every enemy a bullet-sponge. It doesn't matter how good your skills and reflexes are, if you are underleveled, you are going to lose. This also makes the game extremely grindy, which serves to pad it out for longer.  Overall, the synthesis of my critique is that this game feels confused about what it wants to be. It tries to be various things without fulling committing to any of them, a jack of all trades yet master of none. It doesn't know if it wants to be a stealth game, a pirate game, an RPG, a soulslike, or a story-focused, cinematic masterpiece.  --- The good ---  I did, after all, give this game a 6/10, which means I believe it's at least above average.  The main thing I liked about it, as a casual history enthusiast, is the historical, ancient Greek setting. It's set during the Peloponnesian War, if I remember correctly. I'm sure an actual academic could dissect all of its historical inaccuracies better than I ever could, but as someone who only vaguely remembers studying it in middle school, I thought it was pretty neat setting.   While the open world itself is a chore to traverse, the landscapes depicted in it are indeed beautiful. If you like history like myself, then you might actually get some enjoyment from just walking around and gazing at the ancient Greek architecture and landscape. Like a virtual museum, of sorts.   Still, if I didn't care about the historical setting, this game would have few redeeming qualities, at least to me.  Another thing I will praise is the soundtrack. Not a masterpiece, but I thought it was pretty good. Not much I can say other than that, one's taste in music is extremely subjective.  I played this on the Steam Deck, by the way. The game runs well and looks okay, at least in handheld mode. It controls well, as it has controller support. Though it does absolutely destroy your battery, and I often found it overheating. So if you have better hardware, I would suggest you go for that. But if the Steam Deck is your only option, then you can still have a decent experience.   ---  Anyway, don't pay full price for it. If you really care about its setting, and you really want to play it, wait for a sale, and buy the Standard Edition. If you find that you really loved this game by the end of it, then you can purchase the DLC. But personally, I was just tired of it by the end, so even though I own the DLC, I don't see myself playing it any time soon. My backlog is too large for that."
260,"Damn, I can’t believe I just finished this game after almost 100 hours. It’s so good—I really loved the storyline about the family. The side quests were great too, especially the ones where we fought mythic boss characters."
261,Oyun guzel akici tavsiye ederim dlc kesinlikle alin ve oynayin ! Karakterlerin oyuna olan ruhu biraz daha yansitabilirlerdi mimik jest bagirma vs ama indirimde deger
262,"Amazing game, I played it and beat it, unlocked every achievement and found everything on all maps. Amazing story and the close friendships with Kassandra closes friends made me feel even more for the characters. What a good game this was."
263,"Pour moi, le meilleur jeu de la licence Assassin's Creed. Pas un bon Assassin's Creed au sens classique du terme, mais un très très bon jeu. Les choix sont dignes de ceux de The Witcher 3, les quêtes sont aussi prenantes que dans Cyberpunk ou Genshin (oui c'est un compliment) et chaque petit truc que vous faites vous donne l'impression de contribuer à votre amélioration. Que ce soit d'un point de vue rp, stuff, xp ou certains enjeux du lore/de la quête principale que je ne spoilerais pas, on avance à chaque action qu'on fait. Le jeu à quand même quelques soucis d'opti mais bon, on va pas trop en demander à Ubisoft -_- . Ça reste très correcte à ce niveau pour ce qu'on a l'habitude de recevoir de leur part, après avoir joué à Unity je trouve que l'optimisation est + que suffisante ici. Bien sûr, on parle d'Ubisoft encore une fois donc attendez vous à quelques bugs mais rien de très choquant, le jeu a eu le temps d'être corrigé depuis sa sortie.  En bref, bien que je comprenne que certains ne vous le recommande pas en tant qu'Assassin's Creed, je vous le recommande personnellement en tant que jeu. Se dire que même le dernier AC n'a pas certaines features de ce Odyssey... y'a de quoi faire réfléchir."
264,"Assassin's Creed Odyssey isn't just a game; it's a vacation to Ancient Greece that I never want to leave. From the bustling streets of Athens to the sun-drenched islands of the Aegean, the world-building is staggering. Playing as a mercenary caught between Sparta and Athens feels personal, especially with the dialogue choices that actually make you weigh the consequences of your actions. It's a massive, beautiful, and chaotic journey."
265,"Малака!  Я обожаю серию игр Ассассинов еще с первых, но это крах.   Что это началось? Я случайно скачала ММО РПГ? Я конечно любитель такого жанра игр, но не тогда, когда я хочу поиграть в Ассассинов. Я прошла несколько глав и уже запуталась где основной сюжет из-за кучи второстепенных заданий для повышения уровня, из-за которого же нельзя пройти дальше, даже при минимальных настройках сложности, созданных именно для «погружения в сюжет» ВООБЩЕ НЕ ТАК, я все равно трачу часы на эти бестолковые уровни.  А что в итоге, меня все равно за пару тычек выносят вперед ногами.   В игре можно пройти ЭПИЛОГ раньше чем ты прошел сюжет игры? Это зачем еще оставили в открытом доступе? Какая в этого цель? Типу любителям спойлеров? Все равно же до финала сюжета видимо не все доходят"
266,"So far my favorite game in the franchise, it might not be stealthy or even great combat but the game has infinite places to travel to and things to do. all with an amazing story and characters"
267,"Me encanta este juego. El mundo está increíblemente bien hecho y las historias bien integradas. Es, sin duda alguna, mi AC favorito y eso que no se parece a un AC de los originales para nada.  Si te gusta explorar y eres capaz de ignorar bugs o cargas muy largas, te animo a probarlo <3"
268,Symulator greckiego Janosika z Agarthy który szuka swojej r0zjebanej siostry która modli sie do allaha i ma jakąs p0jebaną matule która przeruchała się z pitagorasem. Dlatego tez nie rozumiem dlaczego Aleksios nie nazywa sie np. Delta albo trójkąt równo boczny. Generalnie gra spoko ale jebać Grecje wg. przykazania Norberta Gierczaka pozdrawiam serdecznie cieplutko z rodzinką!!❤️🤗🤗
269,"Got it on sale, absolutely phenomenal for the price. The writing is actually good and the characters are likeable without cringey dialogue I was expecting. If you are a fan of greek mythology like myself then you will be incredibly happy with this. Gameplay and RPG elements are fun, the story itself is just okay and pretty generic but definitely passsable and good enough to keep me engaged. Game runs AMAZING on steam deck"
270,"Não está no compartilhamento em família! Ponto Negativo.  No resto, eu precisaria fazer um TCC pra dizer o quão bom esse jogo é. Muito bonito e capta bem a essência do que era a Ubisoft há anos, que hoje se perdeu.  É uma viagem pra Grécia antiga numa reconstrução histórica em um tamanho gigantesco, com templos dos deuses mitológicos, suas armas, guerreiros da época, enfim, tendo a possibilidade de velejar nos mares, ter seu próprio barco, com sua equipe (que inclusive pode ter deuses gregos te ajudando), num visual épico e sinistro de tão bom que é.  As ""chicotadas"" que o barco dá no mar enquanto você o guia e sua tripulação de soldados (totalmente customizáveis) canta ao lado de deuses gregos, caçando outros barcos fracos e fortes para lootear tudo, enquanto é perseguido por mercenários.  9/10 - Um dos melhores RPGs open world que joguei na vida, sendo que joguei muitos."
271,"Primeiramente, eu gostaria de registrar nessa análise o quanto eu amo a minha namorada, pois se não fosse ela, eu não teria jogado essa obra-prima. É evidente que a minha namorada já é uma obra-prima por si só e que a beleza desse jogo não chega aos pés dela, mas isso não é o caso de agora, em fim.  O que falar desse Assassin´s? Apenas uma coisa: entretenimento PURO. Vai ter uns meia boca dizendo que o jogo não tem nada a ver com a saga, mas quem é fã de verdade, com certeza entenderá o contexto que o Odyssey se estabalece na LORE, então sim, o jogo tem tudo a ver com o Assassin´s Creed. No entanto, obrigado, amor da vida, por me convencer (sem querer) a conhecer a Grécia Antiga, e aos demais, comprem. É bão."
272,"VERY grindy. However if you are a big mythology nerd like myself, and love the scenery and playing games at a more leisurely pace, this is for you. Immersion is very well done!  I just wish there was less ""filler"" and more actual storyline. I enjoy the combat finishers a lot, and the stealth in this game is actually quite fun! I wish Ubisoft would make the horses more realistic though, damn. What kind of anatomy of horses at rest were the animators looking at when they made this??  However, as opposed to Valhalla I have NO issues with crashing whereas Valhalla would crash about 70% of the time."
273,"Je suis content de jouer à Assassin's Creed Odyssée! Je suis fier d'être français car Ubisoft est une marque française! Un grand merci à Ubisoft pour ce chef-d'oeuvre. Merci également aux informaticiens, voir même ingénieurs qui ont passé énormément de temps pour  créer  ce super jeux!"
274,"Игра сама по себе великолепна, но есть один существенный минус —  постоянно повышать уровень персонажа. За 48 часов игры я достиг только 33 уровня, несмотря на то, что большую часть времени выполняю доп. задания. Диалоги же я просто пропускаю, поскольку мне неинтересно в них вникать и слушать"
275,奧德賽確實還原了地圖，就觀光體驗來說很棒。但對玩家是種壓力，動不動就要跑個數分鐘的圖，玩完就是一個「好累」的感覺。劇情方面也挺薄弱，沒有吸引人玩下去的動力，主角就像是個沒有靈魂的工具人一樣，漫無目的的給別人打工。
276,"Es un juego que sin duda jugaría miles de veces más, me encanta la Saga Assassins Creed!!"
277,"개인적으로 어크 시리즈 중 가장 진입장벽이 낮고 대중적으로 즐기기 괜찮은 시리즈라고 생각함. 어쌔신이고 뭐고는 모르겠고 그냥 재밌는 오픈월드 액션 RPG라고 생각하면 됨. 얼티메이트 에디션으로 사서 DLC까지 싹 다 발라먹고 도전과제들까지 올클하는데 250시간 정도 걸린 걸 보면 분량도 넉넉한 편. 그러니 만약 어크 입문 고민중이라면 발할라니 섀도우스니 이런 것들 사지 말고 할인 때 오디세이 사는거 추천. 나온지 거의 8년 된 게임임에도 그래픽, 스토리, 전투, 타격감 등등의 면에서 크게 아쉬운 것 없이 플레이했음. 그놈의 유비식 오픈월드가 호불호 갈릴 수 있는 부분이긴 한데, 이 점만 아니면 수작에서 명작까지는 가는 겜이라고 봄."
278,Beautiful game. I loved the combat and the stealth. The story of the game is really great. 10/10
279,"[h1]Um jogo espetacular![/h1]  O jogo tem gráficos lindos, mapas super bem planejados e uma ambientação que realmente faz você sentir que está na Grécia Antiga. Não cheguei a 100%, mas peguei todas as conquistas, terminei a campanha principal + todos os DLCs (que são praticamente obrigatórios para fechar a história). A ideia central do jogo é ótima e apresenta uma história sólida, personagens bem construídos e side quests que exploram praticamente todo o mapa enorme. Algumas missões secundárias acabam ficando monótonas por causa da logística (viagens demoradas e objetivos repetitivos), mas nada que comprometa o pacote geral. Comprei o jogo + todas as DLCs + AC III Remastered por R$50, que foi um preço absurdo de bom, além do fato de que ele vive em promoção na Steam ou na Ubisoft Store. É um jogo GIGANTESCO, com toneladas de conteúdo, exploração incrível, combates divertidos e uma ambientação histórica que impressiona. Recomendo muito, ainda mais se gosta de TW ou outros jogos de mundo aberto."
280,"Plus on y rejoue dans le temps et plus il est bon comparé à ce qui est sortie depuis sa propre sortie, dans mon top 5 des meilleurs jeux of all time avec Dark Souls 3, Path of Exile 1, Cyberpunk 2077 et Titanfall 2."
281,"Assassin’s Creed Odyssey am PC lädt den Spieler in eine Welt ein, in der Mythos und Geschichte eng miteinander verwoben scheinen. Aus der Vogelperspektive erzählen sich die alten Legenden von Göttern, Helden und unerklärlichen Ereignissen, die in den Straßen, Stätten und Landschaften Griechenlands widerhallen. Die scheinbar plausible Darstellung antiker Zivilisationen lässt Raum für die Frage: Könnte es Spuren fortgeschrittener alter Technologie geben, die die Mythen nährt und die Bauwerke erklären könnte, die wir heute bestaunen? Die offene Welt bietet ein dichtes Netz aus Geheimnissen, Artefakten und Relikten, die den Eindruck verstärken, dass die Vergangenheit mehr zu erzählen hat, als offizielle Chroniken wiedergeben. Die Erzählung um Alexios oder Kassandra dient als Tor zu einer Geschichte, in der Machtspiele, rätselhafte Symbole und rätselhafte Bauweisen Hand in Hand gehen. Grafisch beeindruckend, technisch robust, fordert das Spiel den Forschergeist, der jenseits der historischen Fiktion eine Spur von außerweltlicher Intelligenz vermutet. Während man durch Hellas gleitet, fragt man sich unweigerlich: Welche unbekannten Kräfte haben die Antike geformt? Welche Spuren zeugen von einer Zivilisation, die mehr wusste, als wir zu träumen wagen? Assassin’s Creed Odyssey evoziert diese Neugier, indem es eine Welt präsentiert, die historischer Plausibilität Tribut zollt und doch Raum lässt für die Interpretation, dass unser Verständnis der Vergangenheit vielleicht nur ein Hinweis auf größere, kosmische Rätsel ist. Chief Crazy Horse SIOUX"
282,รีวิว Assassin’s Creed Odyssey (เก็บ Achievement ครบ 100%)  Assassin’s Creed Odyssey เป็นหนึ่งในภาคที่ใช้เวลานานและท้าทายที่สุดสำหรับสายเก็บ Achievement แผนที่กว้างมาก เควสต์หลัก เควสต์รอง บอส และกิจกรรมต่างๆ ต้องทำเกือบครบทุกอย่าง ระบบ RPG ให้อิสระในการเล่นสูง ฉากกรีซสวยงาม รายละเอียดดีมาก แม้บางช่วงจะรู้สึกยืดและฟาร์มเหนื่อย แต่ความรู้สึกตอนปลด Achievement ครบ 100% คือคุ้มค่าและภูมิใจสุดๆ เหมาะกับคนที่ชอบเกมยาวและความสำเร็จจริงๆ
283,"Le meilleur Assassin Creed ! Fun avec un cadre dans la grèce antique agréable et qui donne envie d'explorer. Le système de combat est assez simple et limité mais reste fun. On peut mener des batailles navales. Des forts à infiltrer et à vider de leurs occupants, des camps de bandits à éliminer, des cibles divers à anéantir. On peut s'amuser à envoyer ses ennemis valdinguer depuis les hauteurs pour les éliminer vite fait ou les combattre sérieusement avec parade et plus tard compétences surpuissantes. Le gros défaut du jeu c'est que c'est tout le temps la même chose. Il est archi répétitif. Et l'autre gros défaut majeur c'est que uplay est obligatoire pour jouer et s'intallera avec le jeu. Et j'ai faillis jamais l'acheter à cause de ça."
284,"jogo e otimo , porem a dificuldade e demora pra upar de level torna a experiencia muito cansativa e massiva"
285,ce jeu est tellement bien que j'ai + de 127h il est magnifique et l'histoire est dingue ! je le recommande fortement !
286,"Est-il encore possible de mettre plus de commentaires positifs sur ce jeu?  il est juste incontournable, et le succès est mérité; exploration, combats, histoire touchante dans un monde grec incroyablement réaliste. chapeau"
287,"[h3]Ассасинс крид Опустошение [/h3]  Не знаю, худшая ли это часть ассасина, или Вальхалла побьет этот рекорд. Но это определенно один из худших продуктов, что я играл. Это апогей тупости, жадности  и бюрократической спешки компании Юбисофт, которая каждый год умудряется клепать гриндилки сразу нескольких продуктов.  Карта,красота пейзажа, исторический контекст, которые вдохновляют почитать статьи на Википедии – это плюс. Эпоха выбрана замечательная,яркая на личностей и на мифологию.  Это идеальный способ вникнуть в атмосферу предстоящего фильма Одиссея Нолана.   Но юбисофт была бы не юбисофтом,если бы не умела всю эту красоту успешно засрать. Гриндилка однообразных действий, испытание духа, которое я не смог пройти. Видимо они решили устроить какое-то спартанское испытание, понадобавляв этих не кончающихся однообразных помойных активностей.  Это настолько искусственно растянутое поделие, что не остается ни сил,ни желания вообще прикасаться к играм. Хочется,чтоб серия ассасинов вообще загнулась,ибо это не игра,а пытка.   Огромный проработанный город Афины, очень много мелких  городов по всей карте, но при этом все это превращается в твоей голове  в огромную кашу, потому что один город похож на другой. Было ли так на самом деле? Или это просто переиспользование текстур в спешке выпустить продукт?  Эти миссии… это ж просто издевательство…  Теперь, о чудо, нпс не просто стоят как болванчики, они научились менять ракурс камеры в диалогах. А сами разрабы в свое поделие успели наиграть столько,сколько сами наделали контента, чтоб осознать как  это банально  раздражительно неинтересно.  А диалоги….какие же они тупые,будто их  писали дети на факультативах словесности. Сюжетные ситуации,которые они пихают в миссии, вызывают такое утомление и раздражение описать словами сложно.  Бесконечный лут однообразного отстоя в бесконечных ящиках в одних и тех же пещерах,срисованных одна с другой. Десятки гробниц,посвященных влиятельным историческим деятелям, которые должны были бы подарить прекрасный опыт как в ларе крофт, но дарят лишь ощущения чьей-то жопы на твоем лице. Просто одна и та же локация, перестроенная десятки раз.Да еще и с  ушлепными непроработанными змеями, от которых просто тошнит.  Сил хватило сделать зверьков на раз два и обчелся,а боев с вожаком намолотили на целую игру.  Все,все абсолютно растянуто убивая тебя как игрока. Эта прокачка,которая становится бессмысленной в виду того,что противников начинают тоже подкачивать. Так обесценить урон скрытого клинка это уметь надо. Пусть ваши зарплаты также обесценяться. А наемники.... скорости обнаружения меня позавидует сам Эркюль Пуаро. Более доставучих скотов еще поискать надо. И специально сделали так,чтобы абилка удар спартанца на них не работала. Стой и шинкуй их час. В филакитах была романтика, эти же просто раздражители.  Ооо,а аванпосты. Я согласен повоевать за активность в замке, замок надо проработать. Но сколько же здесь частокольных аванпостов,где просто в редакторе напихали одних и тех же палаток и вышек за деревянным забором. Пусть каждый кол с каждого ограждения этих аванпостов насадят на то место,чем вы эту игру разрабатывали. Боевка в стелсе всегда была наказанием за провал скрытности, здесь же боевка это основа основ.    Активности между островами просто смех. Значит вплавь я переплыть могу хоть весь океан, а на зассаной лодке я два метра между островками переплыть не могу,чтобы ее не разломало также тупо,как и тупой тот, кто это вводил. Хотя в прошлой игре герой прекрасно переплывал Нил на фелуке .   Количество опций выбрать секс в диалогов просто зашкаливает. То ли Кассандра действительно задумывалась как биссексуальная проститутка, или в руководстве проекта сидит очень больной человек, тогда понятно почему куда-то вниз катиться фирма,которая когда-то мне подарила мой любимый незабываемый сплинтер сел.    Я больше не могу,игра полное дерьмо. Напоминает ситуацию,когда тебя тошнит, ты тянешь ложку ко рту,но организм уже упорно не открывает рот. Еще и два длс…. Ладно первое, хотя странная там любовная ветка,учитывая,что кто только с Кассандрой  не был в постеле: и дед и бабка… что там она увидела в персидском малом.... Второе,где якобы Атлантида это ж просто мусорная свалка текстур и объектов,которые использовали в создании основной игры. Побегать конечно можно бы было, но уверен там напихали “ любимых активностей” на тыщу часов,но мозг это не переварит уже.    Не должен такой мусор по часам даже приближаться к рдр 2. Так бездарно сделать игру о великой Греции,колыбели нашей текущей цивилизации. За год!!!О Греции!!!  Есть здесь хорошие локации.Но человеку нужно выработать привычку ставить чужие сейвы,кряки повышающие уровень  и гулять только по этим локациям, представляя античную Грецию. Или включать интерактивный тур и просто гулять. Ачивки надо нафиг удалять,чтобы не раздражало. Но ни в коем случае не поступать как я…и пытаться это пройти,немногие это выдержат, только вчера родившиеся….чтоб я еще раз юбисофт дал хоть какой-то шанс."
288,[b] Güzel bir deneyim mi? Boşa geçen saatler mi? Emin olamadığım nadir oyunlardan! [/b]  [b] ARTILAR [/b]  + Seri olumlu anlamda aksiyon RPG türüne evrim geçirmiş. + Kararın bize bırakıldığı seçim sonuç görevleri. + Yan görevlerin bazıları oldukça güzel yazılmış. + Müzikler ortama mükemmel bir şekilde uyum sağlıyor. + Grafikler tam anlamıyla muhteşem sizi büyülüyor. + Yetenek ağacının kendi oynanışınıza göre şekillenebilmesi. + Sinematik anlatım ve hikayenin ilgi çekiciliği. + Oyunun DLC'leri ana oyundan daha etkileyici. + Denizde gemi mekanikleri ile oynanışın çeşitlendirilmesi. + Tarihten birçok etkileyici ve akılda kalıcı karakterler.  [b] EKSİLER [/b]  - Oyunun yavaş ilerlemesi oyuna olan bağınıza zarar veriyor. - Ana hikaye çok kısa olmasına rağmen gereksiz uzatılmış. - Devasa bir haritada yaşıyor gibi gözüken içi boş bir dünya. - Çok uzun süren oynanış süresinde sizi içine çekmekte zorlanıyor. - Oyunun ana hikaye ve bir kaç yan görevi dışında içi boş tonla içerik. - Özellikle fetih savaşları daha etkileyici olmasını beklerdim. - Daha akılda kalıcı ve etkileyici boss savaşları olmasını beklerdim. - Oyunda siz level atladıkça tüm karakterler eş zamanlı olarak güçleniyor. - Oyun bittikten sonra boşa geçen saatlerinizin arkasından düşündürüyor. - Türkçe dil desteği olmaması  [b] PUAN %83 [/b]  [b] Uyarı: Benim gibi haritayı komple keşfetmeden rahat edemeyen bir oyuncuysanız hayatınızdan çalınacak anlamsız saatlere hazır olun! [/b]
289,why do i need ubisoft's cursed launcher that then crashes so i can't actually play my legally owned game that i have played before just fine...
290,"This is the best AC game and I played all of them. Most balanced, setting is colorful, good combat on land and sea, interesting character you play as and not bad story. Voice acting of Kassandra is really good, feels like a person and its rare in AC games If you have one game to play from whole franchise it is this. Wont get any better any time soon"
291,"This is A BLAST! absolute MasterPIece!  just finished playing 1 hour from start and oh boy - this feels so good.  I was smoking weed 20 years allmost everyday, and quit. and i was looking for a game that will feel therapeutic for me. and this is it! 1 key fact: this game is not old! its new ! after 7 \ 8 years.. it didnt aged at all it feels fresh and exciting and the exploration and colors vibes its perfect.   i know allot of AC fans doesnt really like this version. but this game is a diffrent, it doesnt want to be another AC version.  it is its Stand alone version with AC mechanics...  the devs at ubisoft got a free pass to go wild with creativity and i feel it !  one more thing to consider is most of average PC hardware as of 2026 runs this game on ULTRA Settings without any problems... it runs smooth (i have NVIDIA RTX 3060ti)  ive allso paid 15$ for it - this game still worth 80 - 90$   HIGHLY RECOMMEND !!!!!!"
292,"📖 História: 7/10 Uma história boa, com momentos interessantes e bastante conteúdo, mas que poderia ser um pouco mais envolvente em algumas partes.  ⚔️ Combate: 9/10 Um dos pontos fortes do jogo. O combate é muito divertido, fluido e cheio de possibilidades, principalmente com as diferentes habilidades.  🎮 Gameplay: 10/10 Simplesmente viciante. O mundo aberto, a exploração, as missões e a evolução da personagem fazem você querer continuar jogando.  🏛️ Cenário: 10/10 A Grécia Antiga é simplesmente espetacular. Cada região tem sua própria identidade e o nível de detalhes é impressionante.  🌎 Imersão: 10/10 A sensação de estar realmente explorando a Grécia Antiga é incrível. O mundo é enorme, bonito e cheio de lugares para descobrir.  🎙️ Dublagem: ⭐⭐⭐⭐⭐ A dublagem é sensacional e deixa a experiência ainda melhor.  🤔 Na dúvida, jogue com Kassandra! Para mim, ela combina perfeitamente com o universo do jogo e entrega uma atuação excelente.  ⭐ Nota final: 9/10  Assassin's Creed Odyssey é um jogo muito bom, com um mundo aberto gigantesco, cenários incríveis e uma gameplay que prende do começo ao fim. Se você gosta de exploração, combate e mitologia grega, vale muito a pena jogar!"
293,"Після проходження Assassin’s Creed Odyssey на 100% хочу поділитися своїми враженнями.  Гра дійсно вразила. Відчувається суттєвий прогрес порівняно з попередніми частинами серії. Я не очікував, що вона настільки мене захопить.  Початок на Кефалінії — дуже вдале рішення. Це ідеальне місце для старту: цікаві початкові місії, поступове знайомство зі світом і приємне дослідження острова. Масштаб Кефалінії вже вражає, але коли відкривається вся мапа — це справжній шок у хорошому сенсі.  Спочатку бойова система здалася незручною, але після досвіду в Assassin’s Creed Origins швидко адаптувався. Грав на рівні складності «Жах». Водночас відчувається дисбаланс: на початку виживати важко, але з ростом рівня гра стає значно простішою. Наприкінці, маючи 93 рівень, навіть боси та групи ворогів не становили серйозної загрози.  Окремо хочу відзначити сетинг — Давня Греція виглядає просто чудово. Різноманіття природи, тварин і кліматичних зон додає глибини світу. Персонажі теж запам’ятовуються: підприємець і хитрун Маркос, мила Феба, войовничий Брасід і, звісно, прекрасна Кіра, яка буквально вкрала моє серце.  Музичний супровід — на найвищому рівні та чудово допомагає зануренню. Морські подорожі й бої на «Адрестії» викликають приємні асоціації з Assassin’s Creed IV: Black Flag. Дослідження морського світу водночас захоплює і трохи лякає.  Локації пропрацьовані дуже якісно: масштаб і деталізація вражають. Приємно бачити різні кліматичні зони, які роблять світ більш живим.  Сюжет цікавий і зрозумілий. Кассандра — харизматична та приваблива головна героїня. Важливо, що в грі є вибір, який впливає на розвиток подій і кінцівку. Я отримав «хорошу» кінцівку, і це додало задоволення від проходження.  Технічний стан гри на високому рівні: хороша оптимізація, стабільність і якісна локалізація.  На повне проходження у мене пішло близько 290 годин. Особливо сподобалися битви з міфічними істотами — це справжнє випробування навичок.  DLC «Спадщина першого клинка» та «Доля Атлантиди» також варті уваги — вони добре доповнюють основну історію. Інтерактивний тур зроблений на відмінно: багато цікавої інформації про Грецію, що ще більше занурює в атмосферу.  Невелика порада: місію на Кефалінії з фіолетовою іконкою краще залишити наостанок — це фінальне доповнення. А інтерактивний тур рекомендую пройти перед початком гри для кращого занурення.  У підсумку, гра підійде багатьом, особливо тим, хто хоче розслабитися і насолодитися пригодою без надмірного напруження.  Мені гра дуже сподобалася — впевнено рекомендую."
294,"Gayet güzel oyun ana hikayesi zaten o kadar uzun sürmüyor oyunun amacı da zaten sağda solda gezinin demek aslında, keşfetmek gayet güzel çünkü sürekli sarı eşyalarla ödüllendiriliyorsunuz ve farklı buildler yapmak istiyorsunuz.  DLC'leri de ayrı güzellikte özellikle Atlantis DLC'si çok iyi tek sorun Hades Selena'dan çıkıp mı geldi birader ışıklı zırh giydirmişler adama komik duruyor. Her neyse indirimde çok ucuza düşüyor ve bu fiyatlara alınabilecek nadide güzel oyunlardan biri. Kesinlikle oynayın pişman olmazsınız."
295,"Puta jogo foda, sinceramente, um dos melhores ou se não o melhor assassins creed já produzido na minha opinião, vale cada centavo, se você tiver condições compre a DLC pois adicionam mais algumas boas horas de gameplay e vale cada centavo também.  NOTA 1000000"
296,"Неплохое рпг в сеттинге Древней Греции, но ужасная часть в серии Assassin's Creed"
297,주인공 자신을 위한게 아닌 미래의 누군지 모를 련을 위해 고생하는 주인공
298,"Assassin’s Creed Odyssey is an epic open-world RPG that lets you live your own Spartan legend. Ancient Greece looks absolutely stunning, packed with intense battles, deep customization, and choices that actually matter. The combat feels powerful, the naval fights are addictive, and exploring the massive world never gets boring. Even though the game is long, the freedom, story depth, and pure sense of adventure make Odyssey one of the best Assassin’s Creed experiences ever made."
299,ไม่รู้จะบอกยังไง แค่เข้าไปเสพบรรยากาศก็ดีสุดๆแล้ว ภาพสวย แผนที่กว้าง คือมันดีไม่ไปหมด ติดแค่อย่างเดียว ไม่ค่อยชอบชุดมันอะ แบบเราอยากเป็นผู้ชายเท่ๆแต่แม่งใส่กระโปรงไรงี้ 5555 แต่โดยรวม ดีมากครับ
300,游戏量大管饱，可以战斗爽，剧情比较中庸。 前五十小时比较有意思，中间五十小时的支线简直是折磨，后五十小时主线任务在支线的等级压制下还是比较舒服。 最遗憾的的是福柏惨死，但是在dlc亚特兰提斯，在冥界又与福柏的片刻重逢，确实是神之一笔。 总之，这种重复刷经验的游戏还是快快端下去吧，然后把你那破现代主角赶紧删掉，毫无人格魅力。
